股票代號,股票名稱,最新收盤價,本期大戶持股%,一週前大戶%,兩週前大戶%,大戶持股兩週變動,本期散戶持股%,一週前散戶%,兩週前散戶%,散戶持股兩週變動,本期股東人數,一週前股東人數,兩週前股東人數,股東人數兩週變動,外資5日買超天數,投信5日買超天數,AI 評等,目標價
2323,中環,12.22,100.0,39.77,39.33,60.67,0.0,56.59,56.99,-56.99,1,125777,127236,-127235,0,0,買進,14.4
6122,擎邦,0.0,30.29,27.1,23.14,7.15,61.84,65.01,66.95,-5.11,34000,34450,35019,-1019,0,0,買進,117.1
8086,宏捷科,0.0,44.69,38.66,37.65,7.04,53.19,58.15,58.89,-5.7,74524,76935,77379,-2855,0,0,買進,120.3
6209,今國光,90.1,36.91,31.28,29.98,6.93,56.79,63.05,63.86,-7.07,58304,61284,62419,-4115,0,0,買進,104.5
6456,GIS-KY,100.0,56.95,54.41,50.32,6.63,40.93,43.5,46.7,-5.77,30804,31851,32959,-2155,0,0,買進,123.2
3105,穩懋,0.0,56.03,53.46,49.69,6.34,41.63,43.63,47.56,-5.93,108185,112980,125535,-17350,0,0,買進,118.6
2340,台亞,52.9,39.61,38.17,33.73,5.88,56.89,58.74,63.95,-7.06,106343,107273,109286,-2943,0,0,買進,64.1
4927,泰鼎-KY,54.2,23.54,18.16,17.89,5.65,70.56,76.37,76.58,-6.02,56750,58658,58963,-2213,0,0,買進,68.2
2492,華新科,420.0,64.39,61.51,58.83,5.56,33.66,36.24,38.15,-4.49,111760,115954,122823,-11063,0,0,買進,534.5
3624,光頡,0.0,55.7,50.69,50.14,5.56,41.0,44.23,44.37,-3.37,38781,39710,40043,-1262,0,0,買進,116.8
3707,漢磊,0.0,46.65,42.02,41.78,4.87,51.1,56.04,56.57,-5.47,87822,92111,92393,-4571,0,0,買進,116.1
6214,精誠,192.0,64.3,63.67,60.32,3.98,31.02,31.92,33.99,-2.97,46227,46538,47075,-848,0,0,買進,240.9
8150,南茂,128.0,64.69,64.1,60.71,3.98,30.16,31.58,34.28,-4.12,119495,122014,129636,-10141,0,0,買進,149.4
2426,鼎元,103.0,44.54,43.72,40.76,3.78,52.77,53.76,55.46,-2.69,107905,108885,110699,-2794,0,0,買進,123.5
3035,智原,202.0,30.14,28.79,26.84,3.3,67.44,68.79,70.02,-2.58,109143,110423,112244,-3101,0,0,買進,237.5
