code,name,market,foreign_net,sitc_net
2884,玉山金,TSE,24102093,526945
2891,中信金,TSE,6376598,6340001
2409,友達,TSE,16469466,45855
3231,緯創,TSE,11142193,-1380751
3481,群創,TSE,34660612,-22851947
6505,台塑化,TSE,11002422,76460
2412,中華電,TSE,8462435,987101
2382,廣達,TSE,5295581,2091470
2867,三商壽,TSE,6218700,0
2882,國泰金,TSE,8311903,-2505887
2618,長榮航,TSE,13269522,-6457925
5880,合庫金,TSE,5330969,-23351
2610,華航,TSE,1435561,6164000
1101,台泥,TSE,7053712,23000
5871,中租-KY,TSE,3547701,3150654
1303,南亞,TSE,-5769928,8675803
5876,上海商銀,TSE,5897164,-2027000
2881,富邦金,TSE,-1554649,5882895
6116,彩晶,TSE,5666031,0
4958,臻鼎-KY,TSE,6867525,-1258808
3045,台灣大,TSE,4798233,-759397
2880,華南金,TSE,-15752639,12696484
2344,華邦電,TSE,2621493,-160970
3576,聯合再生,TSE,4316247,0
2356,英業達,TSE,7341949,-3992504
1216,統一,TSE,-5238258,6533298
2330,台積電,TSE,-1672128,1048697
2317,鴻海,TSE,60865,449800
2002,中鋼,TSE,3349234,6100
1402,遠東新,TSE,1529207,2307943
2883,凱基金,TSE,-2204209,-825373
2367,燿華,TSE,3208316,0
1802,台玻,TSE,3707156,-3000
3042,晶技,TSE,3553212,-389000
2886,兆豐金,TSE,-9985009,7047179
2489,瑞軒,TSE,2989736,-1000
2337,旺宏,TSE,2956733,-104000
2634,漢翔,TSE,2051784,381000
1409,新纖,TSE,2814107,-2000
2615,萬海,TSE,2511923,143604
2327,國巨*,TSE,4851993,-1983441
4919,新唐,TSE,2676514,13000
4763,材料*-KY,TSE,1643002,719000
5522,遠雄,TSE,2245268,136000
2485,兆赫,TSE,2394962,-34000
4904,遠傳,TSE,2621943,-1536577
2377,微星,TSE,321307,2035000
2481,強茂,TSE,2535384,0
3037,欣興,TSE,1920493,137624
2105,正新,TSE,4341307,-3163113
2388,威盛,TSE,2081516,-56000
9945,潤泰新,TSE,2051893,0
2375,凱美,TSE,2047235,63000
3706,神達,TSE,340356,1775000
4989,榮科,TSE,1970900,0
2472,立隆電,TSE,2870177,-876000
2426,鼎元,TSE,1825653,0
3714,富采,TSE,1817362,0
2351,順德,TSE,1955070,-49000
2347,聯強,TSE,2843570,-1585780
2855,統一證,TSE,-112201,1745303
3715,定穎投控,TSE,1716545,-31000
6278,台表科,TSE,1599345,13000
2371,大同,TSE,1499101,16000
6919,康霈*,TSE,1436685,-2000
4927,泰鼎-KY,TSE,1479375,0
2312,金寶,TSE,1596885,110000
1714,和桐,TSE,1009097,554000
2912,統一超,TSE,-192017,1643000
6239,力成,TSE,1419191,45204
6451,訊芯-KY,TSE,1353061,-5000
2464,盟立,TSE,1446276,0
3036,文曄,TSE,3159794,-1982593
2646,星宇航空,TSE,1090300,-2000
2455,全新,TSE,1359821,-63000
1711,永光,TSE,1450099,0
6209,今國光,TSE,1302653,0
2478,大毅,TSE,1042400,78000
2369,菱生,TSE,1566233,0
6834,天二科技,TSE,1020489,36000
8438,昶昕,TSE,1012200,0
2454,聯發科,TSE,663357,2094
4906,正文,TSE,1056875,-50000
2603,長榮,TSE,1157175,-988263
1717,長興,TSE,1280991,-1381
1718,中纖,TSE,1153000,175000
2441,超豐,TSE,323741,854000
4764,雙鍵,TSE,110779,795000
2633,台灣高鐵,TSE,630000,153000
2385,群光,TSE,1773424,-1189518
2483,百容,TSE,857799,0
3189,景碩,TSE,-660489,2219096
1597,直得,TSE,828154,-9000
3026,禾伸堂,TSE,746360,37000
1434,福懋,TSE,837420,-2000
3450,聯鈞,TSE,759827,0
9917,中保科,TSE,664393,125000
2233,宇隆,TSE,817046,0
3033,威健,TSE,1207890,15311
4977,眾達-KY,TSE,764462,-10000
2316,楠梓電,TSE,613517,156000
2302,麗正,TSE,740364,54000
4960,誠美材,TSE,699537,0
2374,佳能,TSE,894347,-1000
4915,致伸,TSE,980900,-326525
8110,華東,TSE,746695,0
6285,啟碁,TSE,380351,8000
5243,乙盛-KY,TSE,514059,100000
1809,中釉,TSE,676850,0
3059,華晶科,TSE,772940,0
2474,可成,TSE,-1619665,2234000
1727,中華化,TSE,651347,0
1319,東陽,TSE,941432,-263565
2399,映泰,TSE,657946,-20000
4564,元翎,TSE,664920,0
2301,光寶科,TSE,-364031,102128
2355,敬鵬,TSE,767123,-44000
9933,中鼎,TSE,494446,8400
4739,康普,TSE,627310,0
1708,東鹼,TSE,475851,135000
3013,晟銘電,TSE,650058,0
6449,鈺邦,TSE,594104,0
6550,北極星藥業-KY,TSE,577460,0
2342,茂矽,TSE,602340,0
3035,智原,TSE,641025,0
3591,艾笛森,TSE,73332,0
1709,和益,TSE,505960,0
3717,聯嘉投控,TSE,477709,0
6271,同欣電,TSE,639127,0
6155,鈞寶,TSE,510167,43000
3701,大眾控,TSE,522000,0
6191,精成科,TSE,-991747,1529000
2363,矽統,TSE,522836,16000
4956,光鋐,TSE,484700,-10000
2820,華票,TSE,421019,0
1528,恩德,TSE,471445,-16000
2357,華碩,TSE,462152,-344513
4967,十銓,TSE,483478,2000
3149,正達,TSE,452412,0
8261,富鼎,TSE,486030,55000
6531,愛普*,TSE,551187,4071
3703,欣陸,TSE,409053,-1000
1721,三晃,TSE,430100,0
3535,晶彩科,TSE,425112,0
3016,嘉晶,TSE,481835,0
2530,華建,TSE,-60907,434000
3605,宏致,TSE,633769,0
9934,成霖,TSE,400981,0
2511,太子,TSE,344200,0
7788,松川精密,TSE,447300,0
2365,昆盈,TSE,407010,0
1712,興農,TSE,224000,160000
4551,智伸科,TSE,101916,290000
2606,裕民,TSE,1062681,-724000
6405,悅城,TSE,380994,0
4566,時碩工業,TSE,358000,0
3048,益登,TSE,380328,0
6789,采鈺,TSE,417599,16000
1515,力山,TSE,73500,91000
1582,信錦,TSE,392200,-15000
2428,興勤,TSE,274355,100000
1466,聚隆,TSE,342900,0
6869,雲豹能源,TSE,337270,0
2476,鉅祥,TSE,525930,0
6525,捷敏-KY,TSE,474423,41542
3305,昇貿,TSE,394763,0
9910,豐泰,TSE,855286,-554000
2543,皇昌,TSE,323354,-1000
3312,弘憶股,TSE,321429,0
2498,宏達電,TSE,289670,0
2801,彰銀,TSE,-9824332,9803000
2258,鴻華先進-創,TSE,278609,0
1503,士電,TSE,37479,240000
1519,華城,TSE,314900,0
1210,大成,TSE,-263005,306000
6830,汎銓,TSE,336604,0
3062,建漢,TSE,346816,0
6706,惠特,TSE,336200,0
2923,鼎固-KY,TSE,300100,0
3661,世芯-KY,TSE,325031,22014
2362,藍天,TSE,292889,0
2542,興富發,TSE,-7047630,7357000
5471,松翰,TSE,390971,0
7780,大研生醫*,TSE,299600,0
4576,大銀微系統,TSE,298342,0
6719,力智,TSE,303426,0
2915,潤泰全,TSE,236664,0
2442,新美齊,TSE,275400,0
3049,精金,TSE,313529,0
2413,環科,TSE,260875,0
1795,美時,TSE,251500,0
6669,緯穎,TSE,181116,57573
2492,華新科,TSE,160336,39000
9907,統一實,TSE,931000,-713231
2419,仲琦,TSE,263400,-15000
8046,南電,TSE,-1040319,1325639
6861,睿生光電,TSE,264787,0
2905,三商,TSE,220310,0
9925,新保,TSE,211500,0
3094,聯傑,TSE,259400,0
8105,凌巨,TSE,68820,132000
6757,台灣虎航,TSE,234159,0
2349,錸德,TSE,248264,0
2049,上銀,TSE,327326,0
1447,力鵬,TSE,25365,176000
2331,精英,TSE,240430,0
6205,詮欣,TSE,238425,0
3135,凌航,TSE,255504,0
1467,南緯,TSE,249000,0
2849,安泰銀,TSE,214100,0
2368,金像電,TSE,973307,-740823
6282,康舒,TSE,-304299,7000
2838,聯邦銀,TSE,95445,-6000
4722,國精化,TSE,254264,0
4949,有成精密,TSE,237516,-6000
1218,泰山,TSE,206092,0
8476,台境*,TSE,147800,70000
6152,百一,TSE,218800,0
3563,牧德,TSE,243480,-5000
6442,光聖,TSE,347811,-50877
3055,蔚華科,TSE,221858,0
6781,AES-KY,TSE,209699,15000
1707,葡萄王,TSE,142500,71000
2608,嘉里大榮,TSE,197800,0
7610,聯友金屬-創,TSE,214699,0
6224,聚鼎,TSE,196423,0
5515,建國,TSE,236400,4000
1102,亞泥,TSE,-993465,25552
1568,倉佑,TSE,226150,0
2206,三陽工業,TSE,-193310,375000
4178,永笙-KY,TSE,208260,0
4540,全球傳動,TSE,193552,0
5469,瀚宇博,TSE,172858,-1000
1476,儒鴻,TSE,516619,-318957
2348,海悅,TSE,200500,0
3138,耀登,TSE,202969,0
8210,勤誠,TSE,196828,1000
3376,新日興,TSE,217096,0
8162,微矽電子-創,TSE,197697,0
5285,界霖,TSE,215242,0
2023,燁輝,TSE,101110,-3000
2637,慧洋-KY,TSE,300092,12787
9939,宏全,TSE,18473,151784
9908,大台北,TSE,163600,0
6526,達發,TSE,176667,12000
9935,慶豐富,TSE,175830,0
2852,第一保,TSE,172000,0
2495,普安,TSE,242238,0
2010,春源,TSE,122000,14000
2353,宏碁,TSE,2486510,-3816520
6862,三集瑞-KY,TSE,190815,0
2022,聚亨,TSE,165919,0
1529,樂事綠能,TSE,170518,0
2540,愛山林,TSE,127800,0
3167,大量,TSE,192542,-22000
4976,佳凌,TSE,136570,0
1309,台達化,TSE,198700,0
9940,信義,TSE,138730,0
3257,虹冠電,TSE,180300,0
3645,達邁,TSE,162569,-14000
6928,攸泰科技,TSE,167279,0
1734,杏輝,TSE,153713,0
3447,展達,TSE,145000,0
5269,祥碩,TSE,84152,65000
6742,澤米,TSE,160201,0
2427,三商電,TSE,179300,0
1789,神隆,TSE,116010,0
5484,慧友,TSE,124100,-6000
1307,三芳,TSE,-45300,194318
2501,國建,TSE,49951,25000
1437,勤益控,TSE,138400,0
6573,虹揚-KY,TSE,154980,0
2103,台橡,TSE,-667341,0
4164,承業醫,TSE,133210,0
6426,統新,TSE,141753,0
2465,麗臺,TSE,146600,0
3437,榮創,TSE,138017,0
5534,長虹,TSE,73615,0
6197,佳必琪,TSE,180677,3000
1234,黑松,TSE,129700,0
3021,鴻名,TSE,138258,0
6790,永豐實,TSE,52500,77000
2102,泰豐,TSE,128197,0
6533,晶心科,TSE,113588,0
3708,上緯投控,TSE,123000,2000
3550,聯穎,TSE,54083,56000
1604,聲寶,TSE,117400,0
5531,鄉林,TSE,116000,0
6994,富威電力,TSE,127200,0
5525,順天,TSE,128300,0
2423,固緯,TSE,139400,3000
6189,豐藝,TSE,99234,3894
1736,喬山,TSE,-35650,149000
6873,泓德能源,TSE,123518,0
2404,漢唐,TSE,302943,-165000
6854,錼創科技-KY創,TSE,117018,0
2458,義隆,TSE,95960,60354
9802,鈺齊-KY,TSE,104400,0
2613,中櫃,TSE,120010,0
5608,四維航,TSE,112451,0
2451,創見,TSE,562037,-443000
2468,華經,TSE,121730,0
2903,遠百,TSE,62700,-2000
6558,興能高,TSE,111400,0
2614,東森,TSE,110758,0
1308,亞聚,TSE,76920,0
2534,宏盛,TSE,96212,0
2029,盛餘,TSE,87227,0
7711,永擎,TSE,110099,0
6885,全福生技,TSE,107196,0
8163,達方,TSE,101241,0
1806,冠軍,TSE,97500,0
3443,創意,TSE,153789,18193
1103,嘉泥,TSE,82418,0
8404,百和興業-KY,TSE,81000,0
1786,科妍,TSE,99400,0
6112,邁達特,TSE,111000,0
2515,中工,TSE,128865,-3000
5706,鳳凰,TSE,103400,0
1217,愛之味,TSE,90300,0
2723,美食-KY,TSE,94056,0
2360,致茂,TSE,-109075,98047
2727,王品,TSE,96710,0
9941,裕融,TSE,76110,2426
8249,菱光,TSE,92000,0
8045,達運光電,TSE,103000,0
6142,友勁,TSE,79800,0
2607,榮運,TSE,75709,0
6177,達麗,TSE,-243587,323000
4720,德淵,TSE,107110,-9000
9938,百和,TSE,-256000,298037
1414,東和,TSE,79300,0
3052,夆典,TSE,89900,0
3031,佰鴻,TSE,108424,-10000
3705,永信,TSE,84344,0
2611,志信,TSE,85281,0
1587,吉茂,TSE,92431,0
2397,友通,TSE,89179,0
3583,辛耘,TSE,93685,11000
4526,東台,TSE,119488,0
6743,安普新,TSE,89650,0
3002,歐格,TSE,69080,0
1231,聯華食,TSE,82558,0
6658,聯策,TSE,113600,-3000
4108,懷特,TSE,88300,0
3321,同泰,TSE,134297,0
1463,強盛新,TSE,90006,0
3014,聯陽,TSE,104000,-10390
9930,中聯資源,TSE,72200,0
1720,生達,TSE,71000,0
6243,迅杰,TSE,87800,0
2617,台航,TSE,458504,0
3712,永崴投控,TSE,69474,0
8374,羅昇,TSE,81500,0
1442,名軒,TSE,81105,0
1532,勤美,TSE,72100,0
6958,日盛台駿,TSE,76700,0
1110,東泥,TSE,72600,0
8996,高力,TSE,39779,-39000
8473,山林水,TSE,63756,0
2524,京城,TSE,78100,0
6472,保瑞,TSE,86995,0
2908,特力,TSE,66592,0
3056,富華新,TSE,63000,0
1419,新紡,TSE,60000,6000
6657,華安,TSE,79500,0
1471,首利,TSE,77400,0
2207,和泰車,TSE,59494,2000
3209,全科,TSE,120240,-26000
2701,萬企,TSE,73500,0
8104,錸寶,TSE,75340,0
3665,貿聯-KY,TSE,-477899,545000
3596,智易,TSE,93717,0
8341,日友,TSE,66612,2000
6901,鑽石投資,TSE,54440,0
4414,如興,TSE,72400,0
1457,宜進,TSE,73300,0
1449,佳和,TSE,66705,0
2528,皇普,TSE,168550,-99000
1201,味全,TSE,36500,0
6235,華孚,TSE,58300,0
3034,聯詠,TSE,669459,-575785
2038,海光,TSE,42200,0
2832,台產,TSE,72100,0
2329,華泰,TSE,28590,0
2007,燁興,TSE,64369,0
7786,東方風能,TSE,71279,0
3716,中化控股,TSE,50552,0
2383,台光電,TSE,74509,-42886
2911,麗嬰房,TSE,53800,0
1617,榮星,TSE,76800,0
2414,精技,TSE,8700,61000
1339,昭輝,TSE,56200,0
6589,台康生技,TSE,54200,0
6799,來頡,TSE,93599,0
1304,台聚,TSE,-106100,0
1603,華電,TSE,65200,0
1808,潤隆,TSE,19000,0
2417,圓剛,TSE,64762,0
6672,騰輝電子-KY,TSE,71210,32000
5244,弘凱,TSE,64000,0
2248,華勝-KY,TSE,67769,0
3004,豐達科,TSE,72055,0
2013,中鋼構,TSE,57356,0
9955,佳龍,TSE,61352,0
2753,八方雲集,TSE,59100,1069
6541,泰福-KY,TSE,60134,0
1563,巧新,TSE,104851,0
3528,安馳,TSE,65100,0
7768,頌勝科技,TSE,59200,0
4562,穎漢,TSE,55500,0
3669,圓展,TSE,60000,0
3266,昇陽,TSE,55900,0
9958,世紀鋼,TSE,95713,0
2505,國揚,TSE,45400,0
6863,永道-KY,TSE,66300,0
2107,厚生,TSE,54710,0
8114,振樺電,TSE,57300,0
9937,全國,TSE,52200,0
9905,大華,TSE,52100,0
7821,神數,TSE,44000,0
6890,來億-KY,TSE,44320,0
1733,五鼎,TSE,46630,0
6838,台新藥,TSE,55500,0
3015,全漢,TSE,-26580,80000
2250,IKKA-KY,TSE,54600,0
2429,銘旺科,TSE,69400,0
3557,嘉威,TSE,41400,0
2072,世紀風電,TSE,50240,0
1783,和康生,TSE,48500,0
9946,三發地產,TSE,-57500,94000
2706,第一店,TSE,43400,0
4195,基米-創,TSE,55000,0
1225,福懋油,TSE,41100,0
2379,瑞昱,TSE,-557812,513498
2705,六福,TSE,48100,0
2017,官田鋼,TSE,37000,0
2762,世界健身-KY,TSE,48900,0
7722,LINEPAY,TSE,38554,10000
3296,勝德,TSE,48600,0
6214,精誠,TSE,46577,0
6165,浪凡,TSE,55140,0
2707,晶華,TSE,47000,0
3038,全台,TSE,45523,0
6689,伊雲谷,TSE,48348,0
2438,翔耀,TSE,56000,0
5519,隆大,TSE,36053,0
6024,群益期,TSE,44328,0
1474,弘裕,TSE,47200,0
2514,龍邦,TSE,33361,0
3032,偉訓,TSE,52700,0
6133,金橋,TSE,47211,0
1417,嘉裕,TSE,45183,0
6969,成信實業*-創,TSE,48000,0
6491,晶碩,TSE,48520,0
2376,技嘉,TSE,-1028305,807967
2109,華豐,TSE,39700,0
8422,可寧衛*,TSE,814433,-818000
6281,全國電,TSE,43139,0
3054,立萬利,TSE,44186,0
1524,耿鼎,TSE,31800,0
5288,豐祥-KY,TSE,46200,0
2227,裕日車,TSE,38000,0
2415,錩新,TSE,-11173,51000
1522,堤維西,TSE,23204,0
6504,南六,TSE,42116,0
2488,漢平,TSE,40300,0
1531,高林股,TSE,38000,0
4935,茂林-KY,TSE,39000,0
8454,富邦媒,TSE,29403,192
9924,福興,TSE,36500,0
3051,力特,TSE,25652,0
2910,統領,TSE,38000,0
2506,太設,TSE,35500,0
1598,岱宇,TSE,17000,0
9902,台火,TSE,33000,0
4438,廣越,TSE,37669,0
8072,陞泰,TSE,36354,0
2546,根基,TSE,37200,0
1614,三洋電,TSE,33179,0
1459,聯發,TSE,33000,0
2069,運錩,TSE,21800,0
1321,大洋,TSE,20800,0
9931,欣高,TSE,32000,0
4155,訊映,TSE,16804,0
2028,威致,TSE,31400,0
1903,士紙,TSE,34357,0
4961,天鈺,TSE,64839,-26000
2851,中再保,TSE,-8600,0
1410,南染,TSE,34000,0
6579,研揚,TSE,32706,0
1626,艾美特-KY,TSE,33028,0
4590,富田-創,TSE,36016,0
2012,春雨,TSE,32000,0
1805,寶徠,TSE,37000,0
2748,雲品,TSE,22000,0
6184,大豐電,TSE,32280,0
1220,台榮,TSE,33000,0
6416,瑞祺電通,TSE,43499,0
4770,上品,TSE,36245,0
5215,科嘉-KY,TSE,30001,0
2345,智邦,TSE,-625419,578491
6792,詠業,TSE,34800,0
3338,泰碩,TSE,28503,0
2015,豐興,TSE,10700,4000
6923,中台,TSE,29500,0
5538,東明-KY,TSE,31400,0
1558,伸興,TSE,33365,0
2008,高興昌,TSE,29200,0
1416,廣豐,TSE,30100,0
1104,環泥,TSE,13000,-1000
2642,宅配通,TSE,30600,0
2702,華園,TSE,28600,0
3504,揚明光,TSE,15963,0
2373,震旦行,TSE,25000,0
7799,禾榮科,TSE,24795,0
5203,訊連,TSE,28300,0
5533,皇鼎,TSE,26509,0
1473,台南,TSE,23400,0
2032,新鋼,TSE,8200,0
5225,東科-KY,TSE,26110,0
1456,怡華,TSE,18600,0
1537,廣隆,TSE,25553,0
2704,國賓,TSE,23000,0
8926,台汽電,TSE,55054,5000
6949,沛爾生醫-創,TSE,32689,0
8411,福貞-KY,TSE,25700,0
2739,寒舍,TSE,38590,0
1464,得力,TSE,-6373,0
2480,敦陽科,TSE,13830,4379
2305,全友,TSE,55450,57000
3008,大立光,TSE,-45997,64417
9921,巨大,TSE,24754,0
6776,展碁國際,TSE,23242,0
6605,帝寶,TSE,16580,0
6957,裕慶-KY,TSE,45112,0
1452,宏益,TSE,22000,0
1702,南僑,TSE,12974,0
4426,利勤,TSE,24900,0
5007,三星,TSE,19761,0
1737,臺鹽,TSE,17300,0
1235,興泰,TSE,19200,0
4119,旭富,TSE,20150,0
6534,正瀚-創,TSE,17112,0
2545,皇翔,TSE,51400,0
6671,三能-KY,TSE,23000,0
4104,佳醫,TSE,22650,0
3027,盛達,TSE,8000,0
1256,鮮活果汁-KY,TSE,23600,0
2390,云辰,TSE,-21509,0
6136,富爾特,TSE,20438,0
1445,大宇,TSE,28200,0
3515,華擎,TSE,21200,0
4755,三福化,TSE,20040,0
2636,台驊控股,TSE,19215,0
1906,寶隆,TSE,22500,0
1451,年興,TSE,20300,0
1443,立益物流,TSE,21300,0
6591,動力-KY,TSE,22000,0
2433,互盛電,TSE,17011,0
1616,億泰,TSE,19431,0
4441,振大環球,TSE,21899,0
1338,廣華-KY,TSE,20000,0
9943,好樂迪,TSE,17830,0
4572,駐龍,TSE,19700,0
5283,禾聯碩,TSE,19500,0
6183,關貿,TSE,15500,3000
6782,視陽,TSE,-81277,100000
2106,建大,TSE,-10551,-2000
1527,鑽全,TSE,18089,0
8463,潤泰材,TSE,18000,0
3494,誠研,TSE,8000,0
2101,南港,TSE,-38980,0
7760,享溫馨,TSE,10030,0
6128,上福,TSE,14100,0
1203,味王,TSE,15000,0
2239,英利-KY,TSE,10000,0
1453,大將,TSE,16900,0
7818,溢泰實業,TSE,16590,0
9906,欣巴巴,TSE,10500,0
8478,東哥遊艇,TSE,14049,0
2328,廣宇,TSE,39496,0
6924,榮惠-KY創,TSE,8117,0
7736,虎山,TSE,17021,0
8481,政伸,TSE,16000,0
2509,全坤建,TSE,15800,0
2115,六暉-KY,TSE,18700,0
4142,國光生,TSE,-800,0
3043,科風,TSE,3418,0
3607,谷崧,TSE,12614,0
4137,麗豐-KY,TSE,11000,0
2434,統懋,TSE,16239,0
1454,台富,TSE,14200,0
6937,天虹,TSE,14510,0
8367,建新國際,TSE,14000,0
2612,中航,TSE,13523,0
1623,大東電,TSE,13356,0
8466,美吉吉-KY,TSE,14300,0
4440,宜新實業,TSE,14100,0
1730,花仙子,TSE,14000,0
1323,永裕,TSE,13000,0
2516,新建,TSE,14800,0
8467,波力-KY,TSE,13685,0
6965,中傑-KY,TSE,12600,0
2024,志聯,TSE,11600,0
6916,華凌,TSE,14100,0
1530,亞崴,TSE,14000,0
2904,匯僑,TSE,13000,0
3150,鈺寶-創,TSE,9000,0
2062,橋椿,TSE,7960,0
6914,阜爾運通,TSE,18950,0
1315,達新,TSE,11700,0
2114,鑫永銓,TSE,11300,0
8462,柏文,TSE,10181,0
2450,神腦,TSE,6000,0
7765,中華資安,TSE,12741,0
1465,偉全,TSE,10700,0
1512,瑞利,TSE,12600,0
6645,金萬林-創,TSE,14000,0
2712,遠雄來,TSE,10481,0
8940,新天地,TSE,10115,0
1535,中宇,TSE,10100,0
1233,天仁,TSE,10000,0
3311,閎暉,TSE,13000,0
3057,喬鼎,TSE,10000,0
9944,新麗,TSE,10000,0
8482,商億-KY,TSE,9647,0
6722,輝創,TSE,12500,0
6117,迎廣,TSE,9482,0
7750,新代,TSE,4223,0
7791,皇家可口,TSE,9300,0
6201,亞弘電,TSE,9000,0
3164,景岳,TSE,8000,0
1725,元禎,TSE,9000,0
2030,彰源,TSE,-14101,0
1752,南光,TSE,8689,0
2440,太空梭,TSE,-10700,0
6614,資拓宏宇,TSE,8300,0
8487,愛爾達-創,TSE,10000,0
1438,三地開發,TSE,8191,0
4148,全宇生技-KY,TSE,11100,0
2816,旺旺保,TSE,6000,0
4552,力達-KY,TSE,9900,0
1583,程泰,TSE,11800,0
4736,泰博,TSE,6317,1000
2945,三商家購,TSE,9100,0
6272,驊陞,TSE,7000,0
8016,矽創,TSE,13721,14904
5284,jpp-KY,TSE,4601,0
2477,美隆電,TSE,3700,0
2731,雄獅,TSE,7600,0
4557,永新-KY,TSE,7448,0
2491,吉祥全,TSE,-21600,32000
3168,眾福科,TSE,9300,0
6655,科定,TSE,7300,0
2901,欣欣,TSE,6200,0
3679,新至陞,TSE,6100,0
4994,傳奇,TSE,5100,0
3501,維熹,TSE,8000,0
4999,鑫禾,TSE,4000,0
1460,宏遠,TSE,-3326,0
1109,信大,TSE,-2300,0
2722,夏都,TSE,1400,0
2616,山隆,TSE,4300,0
3046,建碁,TSE,190,0
8429,金麗-KY,TSE,3100,0
6807,峰源-KY,TSE,5034,0
6835,圓裕,TSE,6000,0
9926,新海,TSE,4825,0
7769,鴻勁,TSE,-30875,27010
1439,雋揚,TSE,5500,0
5292,華懋,TSE,10334,-4000
6921,嘉雨思-創,TSE,1000,0
1472,三洋實業,TSE,5900,0
6414,樺漢,TSE,120448,0
6908,宏碁遊戲-創,TSE,3529,0
4582,聚恆-創,TSE,6300,0
1468,昶和,TSE,4000,0
3406,玉晶光,TSE,11972,1000
4439,冠星-KY,TSE,4134,0
8443,阿瘦,TSE,4100,0
6796,晉弘,TSE,5000,0
6582,申豐,TSE,4800,0
4583,台灣精銳,TSE,4801,0
3229,晟鈦,TSE,12500,0
2247,汎德永業,TSE,-1600,2000
6216,居易,TSE,1000,0
2059,川湖,TSE,-101722,68218
1525,江申,TSE,2200,0
8488,吉源-KY,TSE,2200,0
2254,巨鎧精密-創,TSE,10100,0
1817,凱撒衛,TSE,2150,0
1441,大東,TSE,2100,0
6674,鋐寶科技,TSE,2030,0
7721,微程式,TSE,1000,0
8201,無敵,TSE,6000,0
2432,倚天酷碁-創,TSE,4000,0
2424,隴華,TSE,4000,0
6552,易華電,TSE,-7600,0
6641,基士德-KY,TSE,2596,0
1475,業旺,TSE,2100,0
7732,金興精密,TSE,7000,0
6988,威力暘-創,TSE,5000,0
9918,欣天然,TSE,1000,0
5546,永固-KY,TSE,2000,0
4930,燦星網,TSE,2000,0
5234,達興材料,TSE,3710,1000
7740,熙特爾-創,TSE,6890,0
7822,倍利科,TSE,2810,0
6230,尼得科超眾,TSE,-600,0
6756,威鋒電子,TSE,9200,0
6936,永鴻生技,TSE,1200,0
1731,美吾華,TSE,200,0
1521,大億,TSE,-1000,0
1341,富林-KY,TSE,1000,0
2939,永邑-KY,TSE,2000,0
9928,中視,TSE,0,0
4190,佐登-KY,TSE,-3000,0
6581,鋼聯,TSE,-1100,0
6906,現觀科,TSE,-400,0
1413,宏洲,TSE,-1300,0
3308,聯德,TSE,3000,0
1513,中興電,TSE,516108,-497000
6771,平和環保-創,TSE,500,0
6794,向榮生技,TSE,1360,0
1541,錩泰,TSE,300,0
2496,卓越,TSE,1300,0
7823,奧義賽博-KY創,TSE,100,0
1470,大統新創,TSE,15,0
1435,中福,TSE,1000,0
3686,達能,TSE,0,0
1432,大魯閣,TSE,999,0
1418,東華,TSE,-200,0
7749,意騰-KY,TSE,-1416,0
1713,國化,TSE,-2500,0
2231,為升,TSE,9300,0
6225,天瀚,TSE,0,0
5434,崇越,TSE,-195415,188117
8442,威宏-KY,TSE,-800,0
5906,台南-KY,TSE,140,0
4581,光隆精密-KY,TSE,-1000,0
9929,秋雨,TSE,-2000,0
6754,匯僑設計,TSE,-1000,0
9912,偉聯,TSE,-3100,0
1538,正峰,TSE,0,0
6666,羅麗芬-KY,TSE,-1200,0
1232,大統益,TSE,16700,1000
3592,瑞鼎,TSE,176300,-179131
1533,車王電,TSE,-16390,0
6902,GOGOLOOK,TSE,-1400,0
7631,聚賢研發-創,TSE,-2700,0
6515,穎崴,TSE,44522,-49500
6931,青松健康,TSE,-1900,0
6606,建德工業,TSE,-2977,0
4569,六方科-KY,TSE,-2999,0
1423,利華,TSE,-4300,0
4532,瑞智,TSE,-45907,7439
1446,宏和,TSE,-6864,0
7705,三商餐飲,TSE,-4900,0
3432,台端,TSE,-2000,0
2033,佳大,TSE,-4000,0
6951,青新-創,TSE,-5000,0
2929,淘帝-KY,TSE,-2528,0
2387,精元,TSE,-5700,0
6283,淳安,TSE,-3899,0
6887,寶綠特-KY,TSE,-4971,0
6952,大武山,TSE,-4000,0
6955,邦睿生技-創,TSE,-1000,0
6431,光麗-KY,TSE,-3000,0
6115,鎰勝,TSE,-11000,0
2228,劍麟,TSE,-8000,0
4737,華廣,TSE,-6700,0
1324,地球,TSE,-4919,0
2430,燦坤,TSE,-8000,0
4588,玖鼎電力,TSE,-6600,0
4952,凌通,TSE,19778,0
6215,和椿,TSE,5867,0
6934,心誠鎂,TSE,-6400,0
5222,全訊,TSE,-6500,0
3130,一零四,TSE,-8932,0
3593,力銘,TSE,-7000,0
7803,雲象科技-創,TSE,2000,0
1516,川飛,TSE,-8300,0
6768,志強-KY,TSE,7303,-17756
4106,雃博,TSE,8030,0
6918,愛派司,TSE,-10000,0
1776,展宇,TSE,-23000,0
6933,AMAX-KY,TSE,-9299,0
9927,泰銘,TSE,-12000,0
4560,強信-KY,TSE,-10000,0
2850,新產,TSE,-20831,0
4545,銘鈺,TSE,-15920,0
5236,凌陽創新,TSE,-6000,0
2425,承啟,TSE,7566,46000
3518,柏騰,TSE,-20000,0
2597,潤弘,TSE,-28896,-1000
6464,台數科,TSE,-12232,0
1340,勝悅-KY,TSE,-15400,0
1735,日勝化,TSE,-7985,-5000
2364,倫飛,TSE,-14237,0
1540,喬福,TSE,-16713,0
1726,永記,TSE,-20771,3000
5306,桂盟,TSE,-19900,0
2314,台揚,TSE,-16000,0
1236,宏亞,TSE,-18000,0
6168,宏齊,TSE,-20970,0
1342,八貫,TSE,-41728,23000
6412,群電,TSE,-25850,0
4169,泰宗,TSE,-17900,0
6698,旭暉應材,TSE,-14900,0
6409,旭隼,TSE,-196446,185213
2025,千興,TSE,-50103,0
6206,飛捷,TSE,-198104,173788
2020,美亞,TSE,-30000,0
2461,光群雷,TSE,-67985,0
3044,健鼎,TSE,-132488,-62811
6192,巨路,TSE,-27187,0
1227,佳格,TSE,-51700,-1000
5907,大洋-KY,TSE,-25974,0
1760,寶齡富錦,TSE,-26755,0
1539,巨庭,TSE,-26909,0
2436,偉詮電,TSE,6473,0
4585,達明,TSE,-22220,0
3694,海華,TSE,-18007,0
8499,鼎炫-KY,TSE,-28000,0
3622,洋華,TSE,-33500,0
4555,氣立,TSE,-27800,0
1762,中化生,TSE,-42700,0
7730,暉盛-創,TSE,-28080,0
2459,敦吉,TSE,-34692,0
2457,飛宏,TSE,-5118,0
3543,州巧,TSE,-38000,0
3025,星通,TSE,-34795,0
2535,達欣工,TSE,-42965,0
4942,嘉彰,TSE,-37604,0
5607,遠雄港,TSE,-39264,0
1618,合機,TSE,-42370,0
3040,遠見,TSE,-27898,-5000
1615,大山,TSE,-42673,5000
4536,拓凱,TSE,-36219,0
2906,高林,TSE,-43235,0
4807,日成-KY,TSE,-22200,0
6585,鼎基,TSE,-47800,12000
9942,茂順,TSE,-37394,0
2538,基泰,TSE,-45836,0
7827,漢康-KY創,TSE,-40700,0
9911,櫻花,TSE,-45990,0
5258,虹堡,TSE,-42200,0
6944,兆聯實業,TSE,-28778,0
8112,至上,TSE,88607,-65000
8222,寶一,TSE,-32830,0
6668,中揚光,TSE,-43840,0
4912,聯德控股-KY,TSE,-39900,0
6226,光鼎,TSE,-102100,111000
4771,望隼,TSE,-45940,0
3346,麗清,TSE,-47919,0
4766,南寶,TSE,-48395,2000
2548,華固,TSE,-77616,0
3530,晶相光,TSE,-48400,0
6438,迅得,TSE,-29790,0
7795,長廣,TSE,-20577,0
2462,良得電,TSE,-46588,0
6625,必應,TSE,-46000,0
3588,通嘉,TSE,-46974,0
6196,帆宣,TSE,-33077,12000
6108,競國,TSE,-53474,0
6909,創控,TSE,-55900,0
2539,櫻花建,TSE,-67000,0
3545,敦泰,TSE,-22213,0
6166,凌華,TSE,-53749,0
3092,鴻碩,TSE,-59197,0
6202,盛群,TSE,-45331,40000
3419,譁裕,TSE,-57000,0
3022,威強電,TSE,-63510,0
4571,鈞興-KY,TSE,-53908,0
6592,和潤企業,TSE,-76840,0
1723,中碳,TSE,-46492,2000
2497,怡利電,TSE,-61219,0
1732,毛寶,TSE,-59712,0
2467,志聖,TSE,-43284,10074
8215,明基材,TSE,-86600,7000
2482,連宇,TSE,-63700,0
3653,健策,TSE,-138022,46185
3003,健和興,TSE,-69988,0
1560,中砂,TSE,-193349,114000
3416,融程電,TSE,-9000,0
2421,建準,TSE,-48965,5000
3090,日電貿,TSE,-33200,-40000
2645,長榮航太,TSE,-97857,-50000
1514,亞力,TSE,-118481,0
1904,正隆,TSE,-145705,-2000
3058,立德,TSE,-112710,0
2453,凌群,TSE,-78000,0
3047,訊舟,TSE,-121943,0
2031,新光鋼,TSE,-96239,4417
3028,增你強,TSE,-57391,0
2009,第一銅,TSE,-66000,0
2431,聯昌,TSE,-112300,0
2243,宏旭-KY,TSE,-92663,26000
3356,奇偶,TSE,-66755,0
1108,幸福,TSE,-90774,0
2395,研華,TSE,-582543,399084
1477,聚陽,TSE,-123565,46845
6805,富世達,TSE,-87453,3000
3533,嘉澤,TSE,-97134,-5132
3617,碩天,TSE,-88400,0
8011,台通,TSE,-93980,0
2466,冠西電,TSE,-171557,91000
1436,華友聯,TSE,-49000,-51000
3050,鈺德,TSE,-107104,0
3010,華立,TSE,-110358,0
1325,恆大,TSE,-110600,0
1611,中電,TSE,-106980,0
2444,兆勁,TSE,-113900,0
2211,長榮鋼,TSE,-100931,828
2520,冠德,TSE,-11348,-144000
1612,宏泰,TSE,-325700,193820
2460,建通,TSE,-124305,0
6477,安集,TSE,-142768,0
6598,ABC-KY,TSE,-116777,0
2241,艾姆勒,TSE,-115200,0
5521,工信,TSE,-140800,0
1517,利奇,TSE,-136261,0
2354,鴻準,TSE,-190735,5000
8464,億豐,TSE,-152312,4000
6695,芯鼎,TSE,-120027,0
2204,中華,TSE,-155700,2318
4968,立積,TSE,-128480,0
1337,再生-KY,TSE,-144340,0
2536,宏普,TSE,-160480,0
6164,華興,TSE,-157864,0
2836,高雄銀,TSE,-220913,-2000
2471,資通,TSE,-149300,0
1219,福壽,TSE,-170000,0
2308,台達電,TSE,-840177,202338
8103,瀚荃,TSE,-38562,0
4746,台耀,TSE,-161000,0
6715,嘉基,TSE,-160891,-4000
6176,瑞儀,TSE,-85200,-69000
8081,致新,TSE,-112910,-52000
3029,零壹,TSE,-177768,1881
4133,亞諾法,TSE,-160000,0
2236,百達-KY,TSE,-172708,0
2359,所羅門,TSE,-119411,0
3030,德律,TSE,-148752,1000
2527,宏璟,TSE,-189441,5000
2420,新巨,TSE,-184263,0
3023,信邦,TSE,-376003,138000
6691,洋基工程,TSE,-257237,71000
6005,群益證,TSE,4841300,-5018000
2402,毅嘉,TSE,-63960,21000
3019,亞光,TSE,-82933,0
1444,力麗,TSE,-664933,493000
2439,美律,TSE,-135800,0
1590,亞德客-KY,TSE,-375324,156000
9919,康那香,TSE,-224000,0
1609,大亞,TSE,-210401,-1000
2401,凌陽,TSE,-117222,10000
6670,復盛應用,TSE,-175491,-28201
1506,正道,TSE,-211200,0
2547,日勝生,TSE,-282000,0
3011,今皓,TSE,-214000,0
1455,集盛,TSE,-294375,0
4934,太極,TSE,-231954,0
2913,農林,TSE,-248171,0
6456,GIS-KY,TSE,-209328,0
3380,明泰,TSE,-239767,-1000
2889,國票金,TSE,-375159,0
2340,台亞,TSE,-133500,0
3005,神基,TSE,-383512,-54151
6831,邁科,TSE,-89241,-161000
1905,華紙,TSE,-224686,-57000
1316,上曜,TSE,-265700,0
3024,憶聲,TSE,-228400,0
6141,柏承,TSE,-234100,0
1536,和大,TSE,-213000,0
1722,台肥,TSE,-309000,-2000
1526,日馳,TSE,-276000,0
1229,聯華,TSE,-335975,-3000
1773,勝一,TSE,-285050,-1000
2493,揚博,TSE,-400390,69000
1440,南紡,TSE,-344000,-3000
6257,矽格,TSE,-292334,47134
6753,龍德造船,TSE,-396220,0
8021,尖點,TSE,-496328,237000
2537,聯上發,TSE,-376178,0
6120,達運,TSE,-354000,12000
2108,南帝,TSE,-351334,10000
2338,光罩,TSE,-226045,0
6446,藥華藥,TSE,-352624,2000
8070,長華*,TSE,-331900,2941
6415,矽力*-KY,TSE,-493727,212000
3704,合勤控,TSE,-296609,0
3413,京鼎,TSE,-248471,0
4306,炎洲,TSE,-398700,0
6139,亞翔,TSE,-546246,270000
3652,精聯,TSE,-390340,0
2201,裕隆,TSE,-392773,-2000
1907,永豐餘,TSE,-417192,-3000
8028,昇陽半導體,TSE,-393511,0
2605,新興,TSE,-350793,12000
1215,卜蜂,TSE,-424100,0
8213,志超,TSE,-425000,0
3060,銘異,TSE,-547567,85000
1313,聯成,TSE,-460700,0
2405,輔信,TSE,-439697,0
1305,華夏,TSE,-443300,0
4916,事欣科,TSE,-442897,2000
1310,台苯,TSE,-348200,0
3017,奇鋐,TSE,-953898,456059
8271,宇瞻,TSE,-517576,-10000
3041,揚智,TSE,-442000,0
1909,榮成,TSE,-583000,0
2486,一詮,TSE,-428711,0
9914,美利達,TSE,-320097,-1000
2014,中鴻,TSE,-595000,0
3006,晶豪科,TSE,-371850,-22000
2034,允強,TSE,-585000,0
2027,大成鋼,TSE,-1291800,-3000
6962,奕力-KY,TSE,-595000,10000
2104,國際中橡,TSE,-697500,0
5388,中磊,TSE,-648285,0
2601,益航,TSE,-689800,0
2006,東和鋼鐵,TSE,-1272917,609558
8150,南茂,TSE,-815572,49000
8131,福懋科,TSE,-476544,0
2392,正崴,TSE,-689387,-1000
3702,大聯大,TSE,-2645487,1630000
2609,陽明,TSE,-583901,-174099
2892,第一金,TSE,-13241442,10269153
2484,希華,TSE,-877300,91000
2887,台新新光金,TSE,-63153407,54328430
6277,宏正,TSE,-806970,3000
2504,國產,TSE,-811300,-2000
3711,日月光投控,TSE,-4001309,2114025
2393,億光,TSE,-1506797,242554
2208,台船,TSE,-871278,0
1504,東元,TSE,-865920,5000
2406,國碩,TSE,-1145126,207000
6443,元晶,TSE,-976000,0
3532,台勝科,TSE,-1196565,251000
6153,嘉聯益,TSE,-1166058,0
8033,雷虎,TSE,-1287011,90000
6269,台郡,TSE,-1085763,-1000
1608,華榮,TSE,-1324400,4595
1605,華新,TSE,-1056612,17733
2630,亞航,TSE,-1562570,0
4938,和碩,TSE,-15780,-2490663
2323,中環,TSE,-1747216,111000
1710,東聯,TSE,-1855651,0
6213,聯茂,TSE,-2790050,953000
1312,國喬,TSE,-1912697,0
2897,王道銀行,TSE,-2147490,0
2313,華通,TSE,-1664499,712000
2352,佳世達,TSE,-2554438,123000
2812,台中銀,TSE,-2646296,-3000
2845,遠東銀,TSE,-2776947,-4000
8039,台虹,TSE,-4222328,60000
2890,永豐金,TSE,-21031702,12085510
2332,友訊,TSE,-3714720,0
1810,和成,TSE,-3814868,0
1314,中石化,TSE,-3903407,0
2449,京元電子,TSE,-5343015,1300504
1326,台化,TSE,-4436488,-3000
1301,台塑,TSE,-4995594,-14100
9904,寶成,TSE,-3387000,-3091869
2408,南亞科,TSE,-6916594,-165797
2324,仁寶,TSE,-11581031,-663190
2885,元大金,TSE,-14012731,-2111734
2834,臺企銀,TSE,-14852515,-9000
6770,力積電,TSE,-24369309,290000
2303,聯電,TSE,-9126349,-13501846
1240,茂生農經,OTC,2000,0
1259,安心,OTC,-4000,0
1264,德麥,OTC,-4110,0
1268,漢來美食,OTC,33325,0
1294,漢田生技,OTC,5000,0
1295,生合,OTC,-16000,0
1336,台翰,OTC,7000,0
1565,精華,OTC,19000,0
1569,濱川,OTC,27000,0
1570,力肯,OTC,-58000,0
1580,新麥,OTC,-14000,0
1584,精剛,OTC,258215,0
1586,和勤,OTC,1002753,0
1593,祺驊,OTC,-4000,0
1595,川寶,OTC,410000,0
1599,宏佳騰,OTC,-3000,0
1742,台蠟,OTC,1000,0
1777,生泰,OTC,22000,0
1780,立弘,OTC,32000,0
1781,合世,OTC,-3000,0
1784,訊聯,OTC,130897,0
1785,光洋科,OTC,1818222,119317
1788,杏昌,OTC,8000,0
1796,金穎生技,OTC,-2000,0
1799,易威,OTC,23000,0
1813,寶利徠,OTC,0,0
1815,富喬,OTC,4724937,5000
2035,唐榮,OTC,1000,0
2061,風青,OTC,707000,0
2063,世鎧,OTC,1000,0
2064,晉椿,OTC,-1000,0
2065,世豐,OTC,2000,0
2066,世德,OTC,2000,0
2070,精湛,OTC,57925,0
2221,大甲,OTC,174000,0
2230,泰茂,OTC,43397,0
2596,綠意,OTC,-3000,0
2640,大車隊,OTC,-60985,0
2641,正德,OTC,-50200,0
2643,捷迅,OTC,8000,0
2718,全心投控,OTC,53000,0
2719,燦星旅,OTC,15000,0
2726,雅茗-KY,OTC,0,0
2729,瓦城,OTC,-3977,0
2732,六角,OTC,-15000,0
2734,易飛網,OTC,8000,0
2736,富野,OTC,-3000,0
2743,山富,OTC,71000,0
2745,五福,OTC,-32000,0
2751,王座,OTC,-2000,0
2752,豆府,OTC,-1000,0
2754,亞洲藏壽司,OTC,9100,0
2755,揚秦,OTC,-5000,0
2756,聯發國際,OTC,-1000,0
2916,滿心,OTC,14000,0
2926,誠品生活,OTC,2000,0
2947,振宇五金,OTC,-1000,0
3066,李洲,OTC,-107999,0
3071,協禧,OTC,-53000,0
3073,天方能源,OTC,-2000,0
3078,僑威,OTC,-157602,0
3081,聯亞,OTC,330299,-326500
3083,網龍,OTC,45000,0
3086,華義*,OTC,-32000,0
3088,艾訊,OTC,140204,0
3093,港建*,OTC,214410,0
3095,及成,OTC,-1000,0
3105,穩懋,OTC,1843035,113898
3114,好德,OTC,158625,0
3115,富榮綱,OTC,-2000,0
3118,進階,OTC,5000,0
3122,笙泉,OTC,-11076,0
3128,昇銳,OTC,79092,0
3131,弘塑,OTC,-18864,23100
3141,晶宏,OTC,29823,0
3147,大綜,OTC,53000,0
3152,璟德,OTC,27037,0
3162,精確,OTC,748679,0
3163,波若威,OTC,1358767,-200800
3169,亞信,OTC,-34000,0
3171,炎洲流通,OTC,2000,0
3176,基亞,OTC,24157,0
3178,公準,OTC,-63000,0
3188,鑫龍騰,OTC,3000,0
3191,雲嘉南,OTC,4000,0
3205,佰研,OTC,-13000,0
3206,志豐,OTC,-12000,0
3207,耀勝,OTC,252000,0
3211,順達,OTC,-288301,186900
3213,茂訊,OTC,10116,0
3217,優群,OTC,-25366,-88000
3218,大學光,OTC,69311,1407
3219,倚強科,OTC,21000,0
3221,台嘉碩,OTC,953147,0
3224,三顧,OTC,9000,0
3227,原相,OTC,180501,-72500
3228,金麗科,OTC,21853,0
3230,錦明,OTC,113000,0
3232,昱捷,OTC,1000,0
3234,光環,OTC,119868,0
3236,千如,OTC,1714336,0
3259,鑫創,OTC,-1000,0
3260,威剛,OTC,761939,-62500
3264,欣銓,OTC,-951288,325220
3265,台星科,OTC,54109,-50000
3268,海德威,OTC,-15000,0
3272,東碩,OTC,5000,0
3276,宇環,OTC,161046,0
3284,太普高,OTC,112800,0
3285,微端,OTC,8935,0
3287,廣寰科,OTC,16000,0
3288,點晶,OTC,15000,0
3289,宜特,OTC,161163,0
3290,東浦,OTC,-23780,0
3293,鈊象,OTC,222995,-15000
3294,英濟,OTC,162000,0
3297,杭特,OTC,-94954,0
3303,岱稜,OTC,-58000,0
3306,鼎天,OTC,-31000,0
3310,佳穎,OTC,-1000,0
3313,斐成,OTC,23000,0
3317,尼克森,OTC,272719,0
3322,建舜電,OTC,-55920,0
3323,加百裕,OTC,210000,0
3324,雙鴻,OTC,-103903,2736
3325,旭品,OTC,7000,0
3332,幸康,OTC,-2000,0
3339,泰谷,OTC,207000,0
3349,寶德,OTC,-33000,0
3354,律勝,OTC,95000,0
3357,臺慶科,OTC,428428,5150
3360,尚立,OTC,204551,0
3362,先進光,OTC,425455,0
3363,上詮,OTC,853452,-109000
3372,典範,OTC,-116000,0
3373,熱映,OTC,26000,0
3374,精材,OTC,-1717502,150
3379,彬台,OTC,27000,0
3388,崇越電,OTC,348000,0
3390,旭軟,OTC,-75000,0
3402,漢科,OTC,-463200,0
3430,奇鈦科,OTC,88450,0
3434,哲固,OTC,26000,0
3438,類比科,OTC,4000,0
3441,聯一光,OTC,121861,0
3444,利機,OTC,28000,0
3455,由田,OTC,255631,0
3465,進泰電子,OTC,9000,0
3466,德晉,OTC,5010,0
3467,台灣精材,OTC,3000,0
3479,安勤,OTC,16900,0
3483,力致,OTC,-18547,0
3484,崧騰,OTC,-121703,0
3485,敘豐,OTC,72449,0
3489,森寶,OTC,-21943,0
3490,單井,OTC,99000,0
3491,昇達科,OTC,-563239,46000
3492,長盛,OTC,-2000,0
3498,陽程,OTC,382695,0
3499,環天科,OTC,7000,0
3508,位速,OTC,-26000,0
3511,矽瑪,OTC,35000,0
3512,皇龍,OTC,-18000,0
3516,亞帝歐,OTC,-15000,0
3520,華盈,OTC,12000,0
3521,台鋼建設,OTC,-31000,0
3522,御嵿,OTC,-18000,0
3523,迎輝,OTC,-3000,0
3526,凡甲,OTC,-78730,628
3527,聚積,OTC,-19869,0
3529,力旺,OTC,19533,-49723
3531,先益,OTC,0,0
3537,堡達,OTC,211732,0
3540,曜越,OTC,43000,0
3541,西柏,OTC,-2000,0
3546,宇峻,OTC,-10000,0
3548,兆利,OTC,48000,0
3551,世禾,OTC,-141746,0
3552,同致,OTC,5000,0
3555,博士旺,OTC,19049,0
3556,禾瑞亞,OTC,165638,0
3558,神準,OTC,-3344,0
3564,其陽,OTC,13000,0
3567,逸昌,OTC,-29000,0
3570,大塚,OTC,-1000,0
3577,泓格,OTC,-195055,0
3580,友威科,OTC,81806,0
3581,博磊,OTC,291066,0
3587,閎康,OTC,203213,0
3594,磐儀,OTC,55000,0
3597,映興,OTC,-1000,0
3609,三一東林,OTC,-2000,0
3611,鼎翰,OTC,-12000,0
3615,安可,OTC,448000,0
3623,富晶通,OTC,-4000,0
3624,光頡,OTC,1559514,0
3625,西勝,OTC,155000,0
3628,盈正,OTC,-61000,0
3630,新鉅科,OTC,-62000,0
3631,晟楠,OTC,-7000,0
3646,艾恩特,OTC,-1000,0
3663,鑫科,OTC,65000,0
3666,光耀,OTC,-5000,0
3672,康聯訊,OTC,0,0
3675,德微,OTC,509673,-80000
3680,家登,OTC,99149,100
3684,榮昌,OTC,19000,0
3685,元創精密,OTC,262000,0
3687,歐買尬,OTC,-8900,0
3689,湧德,OTC,165249,0
3691,碩禾,OTC,202757,0
3693,營邦,OTC,88752,-30000
3707,漢磊,OTC,542733,0
3709,鑫聯大投控,OTC,-85000,0
3710,連展投控,OTC,-21000,0
3713,新晶投控,OTC,-5000,0
4102,永日,OTC,6000,0
4105,東洋,OTC,44545,0
4107,邦特,OTC,13000,0
4109,加捷生醫,OTC,50000,0
4111,濟生,OTC,-2000,0
4113,聯上,OTC,34000,0
4114,健喬,OTC,-365977,0
4116,明基醫,OTC,14201,0
4120,友華,OTC,4000,0
4121,優盛,OTC,8000,0
4123,晟德,OTC,129000,0
4126,太醫,OTC,-21000,0
4127,天良,OTC,-7000,0
4128,中天,OTC,305417,0
4129,聯合,OTC,-16000,0
4138,曜亞,OTC,3000,0
4139,馬光-KY,OTC,-5000,0
4147,中裕,OTC,190936,0
4153,鈺緯,OTC,-1000,0
4157,太景*-KY,OTC,293677,0
4160,訊聯基因,OTC,3010,0
4161,聿新科,OTC,3000,0
4162,智擎,OTC,98200,0
4163,鐿鈦,OTC,19000,0
4166,友霖,OTC,5000,0
4167,松瑞藥,OTC,59883,0
4168,醣聯,OTC,11000,0
4171,瑞基,OTC,-90000,0
4173,久裕,OTC,-17985,0
4174,浩鼎,OTC,122039,0
4175,杏一,OTC,-1000,0
4188,安克,OTC,-4000,0
4205,中華食,OTC,-8000,0
4207,環泰,OTC,-51800,0
4303,信立,OTC,80650,0
4304,勝昱,OTC,-3000,0
4401,東隆興,OTC,-1000,0
4402,郡都開發,OTC,0,0
4406,新昕纖,OTC,-4000,0
4416,三圓,OTC,56006,0
4417,金洲,OTC,-8000,0
4420,光明,OTC,-1000,0
4430,耀億,OTC,-3000,0
4432,銘旺實,OTC,-1000,0
4433,興采,OTC,-2985,0
4442,竣邦-KY,OTC,8000,0
4503,金雨,OTC,-3000,0
4506,崇友,OTC,-1200,0
4510,高鋒,OTC,95028,0
4513,福裕,OTC,224410,0
4523,永彰,OTC,8000,0
4528,江興鍛,OTC,0,0
4530,宏易,OTC,-1000,0
4533,協易機,OTC,79000,0
4534,慶騰,OTC,-34000,0
4535,至興,OTC,-1000,0
4538,大詠城,OTC,-1000,0
4541,晟田,OTC,-1204408,0
4542,科嶠,OTC,3000,0
4543,萬在,OTC,65000,0
4549,桓達,OTC,17000,0
4550,長佳,OTC,1000,0
4554,橙的,OTC,3000,0
4556,旭然,OTC,-4000,0
4558,寶緯,OTC,-1000,0
4561,健椿,OTC,8000,0
4563,百德,OTC,24000,0
4568,科際精密,OTC,1000,0
4577,達航科技,OTC,143075,0
4580,捷流閥業,OTC,8000,0
4702,中美實,OTC,-7000,0
4707,磐亞,OTC,-18758,0
4711,永純,OTC,2020,0
4714,永捷,OTC,138685,0
4716,大立,OTC,276817,0
4721,美琪瑪,OTC,-112988,0
4726,永昕,OTC,88000,0
4728,雙美,OTC,5000,0
4729,熒茂,OTC,46000,0
4735,豪展,OTC,0,0
4741,泓瀚,OTC,91000,0
4743,合一,OTC,-177420,0
4744,皇將,OTC,30000,0
4745,合富-KY,OTC,44000,0
4747,強生,OTC,-2000,0
4749,新應材,OTC,-13999,40755
4754,國碳科,OTC,4000,0
4760,勤凱,OTC,298192,0
4767,誠泰科技,OTC,-1000,0
4768,晶呈科技,OTC,189000,0
4772,台特化,OTC,299770,-28500
4806,桂田文創,OTC,0,0
4903,聯光通,OTC,211000,0
4905,台聯電,OTC,1000,0
4907,富宇,OTC,-1000,0
4908,前鼎,OTC,350645,0
4909,新復興,OTC,147000,0
4911,德英,OTC,2000,0
4923,力士,OTC,147000,0
4924,欣厚-KY,OTC,-1000,0
4931,新盛力,OTC,333061,0
4933,友輝,OTC,-4000,0
4939,亞電,OTC,396572,0
4946,辣椒,OTC,9000,0
4950,金耘國際,OTC,0,0
4951,精拓科,OTC,100000,0
4953,緯軟,OTC,-18820,0
4966,譜瑞-KY,OTC,366055,-312700
4971,IET-KY,OTC,101910,0
4972,湯石照明,OTC,-1000,0
4973,廣穎,OTC,457110,0
4974,亞泰,OTC,-46000,0
4979,華星光,OTC,1527532,-284700
4991,環宇-KY,OTC,1119315,-563500
4995,晶達,OTC,4000,0
5009,榮剛,OTC,-319283,-201000
5011,久陽,OTC,-109999,0
5013,強新,OTC,-2000,0
5014,建錩,OTC,45000,0
5015,華祺,OTC,2000,0
5201,凱衛,OTC,-1000,0
5202,力新,OTC,29000,0
5206,坤悅,OTC,-38000,0
5209,新鼎,OTC,2910,0
5210,寶碩,OTC,-487000,0
5211,蒙恬,OTC,16015,0
5212,凌網,OTC,-1000,0
5213,亞昕,OTC,76000,0
5220,萬達光電,OTC,0,0
5223,安力-KY,OTC,14000,0
5227,立凱-KY,OTC,66000,0
5228,鈺鎧,OTC,339000,0
5230,雷笛克光學,OTC,22000,0
5245,智晶,OTC,-4000,0
5251,天鉞電,OTC,32000,0
5263,智崴,OTC,2000,0
5272,笙科,OTC,3000,0
5274,信驊,OTC,-70888,77386
5278,尚凡*,OTC,37250,0
5287,數字,OTC,35593,0
5289,宜鼎,OTC,426213,1200
5291,邑昇,OTC,54574,0
5299,杰力,OTC,93000,0
5301,寶得利,OTC,1000,0
5302,太欣,OTC,111046,0
5309,系統電,OTC,343227,4000
5310,天剛,OTC,-4000,0
5312,寶島科,OTC,2000,0
5314,世紀*,OTC,92001,0
5315,光聯,OTC,-61177,0
5321,美而快,OTC,62000,0
5324,士開,OTC,335000,0
5328,華容,OTC,3682581,0
5340,建榮,OTC,632134,0
5344,立衛,OTC,12020,0
5345,馥鴻,OTC,-10000,0
5347,世界,OTC,-1663886,-5401505
5351,鈺創,OTC,-3555245,20000
5353,台林,OTC,11000,0
5356,協益,OTC,-19000,0
5364,力麗店,OTC,-3000,0
5371,中光電,OTC,-695900,9000
5381,光譜,OTC,31000,0
5386,青雲,OTC,-296412,0
5392,能率,OTC,-31582,0
5398,慕康生醫,OTC,-2000,0
5403,中菲,OTC,64000,0
5410,國眾,OTC,-57801,0
5425,台半,OTC,2098179,0
5426,振發,OTC,211104,0
5432,新門,OTC,1000,0
5438,東友,OTC,-15000,0
5439,高技,OTC,822471,-417698
5443,均豪,OTC,1508305,0
5450,南良,OTC,91000,0
5452,佶優,OTC,443223,0
5457,宣德,OTC,-10000,0
5460,同協,OTC,13000,0
5464,霖宏,OTC,20000,0
5465,富驊,OTC,-5000,0
5468,凱鈺,OTC,153920,0
5474,聰泰,OTC,9000,0
5475,德宏,OTC,1528620,-70000
5478,智冠,OTC,-6000,0
5481,新華,OTC,-22000,0
5483,中美晶,OTC,-3638035,782236
5487,通泰,OTC,-13000,0
5488,松普,OTC,828000,0
5489,彩富,OTC,6000,0
5490,同亨,OTC,276699,0
5493,三聯,OTC,-21000,0
5498,凱崴,OTC,748000,0
5508,永信建,OTC,-126000,-66000
5511,德昌,OTC,-5000,0
5512,力麒,OTC,116000,0
5514,三豐,OTC,-3000,0
5516,雙喜,OTC,-2000,0
5520,力泰,OTC,-1000,0
5523,豐謙,OTC,1000,0
5529,鉅陞,OTC,1000,0
5530,龍巖,OTC,36000,0
5536,聖暉*,OTC,29508,47514
5547,久舜,OTC,-2000,0
5548,安倉,OTC,7000,0
5603,陸海,OTC,13015,0
5604,中連,OTC,-10000,0
5609,中菲行,OTC,18000,0
5701,劍湖山,OTC,-36000,0
5704,老爺知,OTC,0,0
5864,致和證,OTC,1566000,0
5878,台名,OTC,0,0
5902,德記,OTC,-5000,0
5903,全家,OTC,15000,0
5904,寶雅,OTC,60980,-26375
5905,南仁湖,OTC,-63853,0
6015,宏遠證,OTC,-340836,0
6016,康和證,OTC,433000,0
6020,大展證,OTC,-10000,0
6021,美好證,OTC,-40280,0
6023,元大期,OTC,-377000,0
6026,福邦證,OTC,503849,0
6028,公勝保經,OTC,0,0
6101,寬魚國際,OTC,23000,0
6103,合邦,OTC,-1000,0
6104,創惟,OTC,29394,0
6109,亞元,OTC,19075,0
6111,光聚晶電,OTC,151360,0
6113,亞矽,OTC,-4622,0
6114,久威,OTC,-7000,0
6118,建達,OTC,-16000,0
6121,新普,OTC,595328,-369583
6122,擎邦,OTC,-15991,0
6123,上奇,OTC,1000,0
6124,業強,OTC,2012,0
6125,廣運,OTC,156420,0
6126,信音,OTC,-45071,0
6127,九豪,OTC,1639099,0
6129,普誠,OTC,3370,0
6130,上亞科技,OTC,-23000,0
6134,萬旭,OTC,90069,0
6138,茂達,OTC,-23385,161000
6140,訊達,OTC,5000,0
6143,振曜,OTC,-87563,0
6146,耕興,OTC,-102438,-1000
6147,頎邦,OTC,9307406,-2274298
6148,驊宏資,OTC,20000,0
6150,撼訊,OTC,61000,0
6151,晉倫,OTC,58991,0
6154,順發,OTC,-13000,0
6156,松上,OTC,525060,0
6158,禾昌,OTC,0,0
6160,欣技,OTC,27000,0
6161,捷波,OTC,7000,0
6163,華電網,OTC,1117000,0
6167,久正,OTC,96001,0
6169,昱泉,OTC,-3000,0
6170,統振,OTC,40000,0
6171,大城地產,OTC,-2000,0
6173,信昌電,OTC,7700,5200
6174,安碁,OTC,50000,0
6175,立敦,OTC,-590000,0
6179,亞通,OTC,67997,0
6180,橘子,OTC,366000,0
6182,合晶,OTC,-1456132,-1671000
6185,幃翔,OTC,-7000,0
6186,新潤,OTC,13091,0
6187,萬潤,OTC,6636,10200
6188,廣明,OTC,182015,-1000
6190,萬泰科,OTC,264100,0
6194,育富,OTC,-5000,0
6195,詩肯,OTC,11000,0
6198,瑞築,OTC,-10000,0
6199,天品,OTC,-31000,0
6203,海韻電,OTC,-31000,0
6204,艾華,OTC,-3000,0
6207,雷科,OTC,-11930,0
6208,日揚,OTC,193000,0
6210,慶生,OTC,0,0
6212,理銘,OTC,1000,0
6217,中探針,OTC,17903,0
6218,豪勉,OTC,85996,0
6219,富旺,OTC,28000,0
6220,岳豐,OTC,140000,0
6221,晉泰,OTC,16000,0
6222,立軒,OTC,-3000,0
6223,旺矽,OTC,106222,18389
6227,茂綸,OTC,24644,0
6229,研通,OTC,1000,0
6231,系微,OTC,74000,0
6233,旺玖,OTC,-72000,0
6234,高僑,OTC,98497,0
6237,驊訊,OTC,10014,0
6240,松崗,OTC,-11000,0
6241,鑫永洋,OTC,-112972,0
6244,茂迪,OTC,-331000,0
6245,立端,OTC,4256,0
6246,臺龍,OTC,0,0
6248,沛波,OTC,-16000,0
6259,百徽,OTC,332446,0
6261,久元,OTC,242000,0
6263,普萊德,OTC,25000,0
6264,富裔,OTC,0,0
6265,方土昶,OTC,196425,0
6266,泰詠,OTC,36432,0
6270,倍微,OTC,70026,0
6274,台燿,OTC,1703097,-169224
6275,元山,OTC,-106000,0
6276,安鈦克,OTC,9000,0
6279,胡連,OTC,58349,1760
6284,佳邦,OTC,233000,0
6290,良維,OTC,447137,0
6291,沛亨,OTC,290149,-200000
6292,迅德,OTC,21000,0
6294,智基,OTC,-1000,0
6411,晶焱,OTC,11278,0
6417,韋僑,OTC,-1940,0
6418,詠昇,OTC,10000,0
6419,京晨科,OTC,-6300,0
6423,億而得,OTC,-1000,0
6425,易發,OTC,189721,0
6432,今展科,OTC,128636,0
6435,大中,OTC,150287,0
6441,廣錠,OTC,11000,0
6461,益得,OTC,7000,0
6462,神盾,OTC,42842,0
6465,威潤,OTC,-3000,0
6469,大樹,OTC,43000,0
6470,宇智,OTC,-9000,0
6474,華豫寧,OTC,0,0
6485,點序,OTC,71501,0
6486,互動,OTC,-24000,0
6488,環球晶,OTC,-1663045,399910
6492,生華科,OTC,1000,0
6494,九齊,OTC,-21340,0
6498,久禾光,OTC,6000,0
6499,益安,OTC,216000,0
6506,雙邦,OTC,-37000,0
6508,惠光,OTC,-11000,0
6509,聚和,OTC,-470408,5000
6510,精測,OTC,672,-32800
6516,勤崴國際,OTC,3000,0
6517,保勝光學,OTC,-237900,0
6523,達爾膚,OTC,-6000,0
6527,明達醫,OTC,-1000,0
6530,創威,OTC,73000,0
6532,瑞耘,OTC,97565,0
6535,順藥,OTC,68000,-30000
6538,倉和,OTC,-200357,0
6542,隆中,OTC,1000,0
6546,正基,OTC,-53000,0
6547,高端疫苗,OTC,263500,0
6548,長科*,OTC,-943642,817000
6560,欣普羅,OTC,36000,0
6561,是方,OTC,4000,0
6568,宏觀,OTC,113997,0
6569,醫揚,OTC,5000,0
6570,維田,OTC,23000,0
6574,霈方,OTC,193,0
6576,逸達,OTC,9000,0
6577,勁豐,OTC,-2000,0
6578,達邦蛋白,OTC,10000,0
6584,南俊國際,OTC,-5035,145
6588,東典光電,OTC,120000,0
6593,台灣銘板,OTC,3000,0
6596,寬宏藝術,OTC,41000,0
6597,立誠,OTC,-2004,0
6603,富強鑫,OTC,40000,0
6609,瀧澤科,OTC,22000,0
6612,奈米醫材,OTC,1000,0
6613,朋億*,OTC,29000,0
6615,慧智,OTC,0,0
6617,共信-KY,OTC,-10000,0
6620,漢達,OTC,-69000,0
6624,萬年清,OTC,-1000,0
6629,泰金-KY,OTC,-11000,0
6637,醫影,OTC,-2000,0
6640,均華,OTC,12011,-1000
6642,富致,OTC,104000,0
6643,M31,OTC,455993,0
6649,台生材,OTC,-11000,0
6651,全宇昕,OTC,-291,0
6654,天正國際,OTC,2000,0
6664,群翊,OTC,64055,0
6667,信紘科,OTC,9000,0
6679,鈺太,OTC,85000,0
6683,雍智科技,OTC,442298,26500
6684,安格,OTC,-1000,0
6690,安碁資訊,OTC,6090,0
6692,進能服,OTC,0,0
6693,廣閎科,OTC,495892,0
6697,東捷資訊,OTC,0,0
6703,軒郁,OTC,4900,0
6708,天擎,OTC,0,0
6712,長聖,OTC,-35746,0
6716,應廣,OTC,18000,0
6720,久昌,OTC,-9000,0
6725,矽科宏晟,OTC,10998,0
6727,亞泰金屬,OTC,21950,0
6728,上洋,OTC,-1000,0
6730,常廣,OTC,-2000,0
6732,昇佳電子,OTC,44400,0
6733,博晟生醫,OTC,2000,0
6735,美達科技,OTC,22998,0
6739,竹陞科技,OTC,-11461,0
6741,91APP*-KY,OTC,30000,0
6751,智聯服務,OTC,-2000,0
6752,叡揚,OTC,3000,0
6761,穩得,OTC,45694,0
6762,達亞,OTC,-1000,0
6763,綠界科技*,OTC,22,0
6785,昱展新藥,OTC,22000,0
6788,華景電,OTC,73274,0
6791,虎門科技,OTC,-500,0
6803,崑鼎,OTC,-26000,0
6804,明係,OTC,10000,0
6811,宏碁資訊,OTC,-9000,0
6821,聯寶,OTC,140010,0
6823,濾能,OTC,-15000,0
6829,千附精密,OTC,143295,0
6840,東研信超,OTC,5000,0
6841,長佳智能,OTC,8000,0
6843,進典,OTC,-1000,0
6844,諾貝兒,OTC,1000,0
6846,綠茵,OTC,-2000,0
6859,伯特光,OTC,4000,0
6865,偉康科技,OTC,0,0
6870,騰雲,OTC,25000,0
6874,倍力,OTC,-6000,0
6875,國邑*,OTC,-8000,0
6877,鏵友益,OTC,11050,0
6884,海柏特,OTC,-1000,0
6894,衛司特,OTC,-9000,0
6895,宏碩系統,OTC,22000,0
6899,創為精密,OTC,8000,0
6903,巨漢,OTC,-117877,-8000
6907,雅特力-KY,OTC,-8400,0
6910,德鴻,OTC,-10000,0
6913,鴻呈,OTC,7022,0
6922,宸曜,OTC,6000,0
6925,意藍,OTC,12000,0
6945,圓祥生技,OTC,50000,0
6953,家碩,OTC,-960,0
6961,旅天下,OTC,-1000,0
6967,汎瑋材料,OTC,-31000,0
6968,萬達寵物,OTC,25000,0
6971,惠民實業,OTC,-1000,0
6982,大井泵浦,OTC,12000,0
6983,華洋精機,OTC,-4000,0
6986,和迅,OTC,-14000,0
6996,力領科技,OTC,9000,0
7402,邑錡,OTC,-567962,0
7556,意德士,OTC,-1000,0
7642,昶瑞機電,OTC,-1000,0
7703,銳澤,OTC,18000,0
7704,明遠精密,OTC,-10000,0
7709,榮田,OTC,15000,0
7712,博盛半導體,OTC,7078,0
7714,創泓科技,OTC,18000,0
7715,裕山,OTC,164000,0
7717,萊德光電-KY,OTC,11970,0
7718,友鋮,OTC,-5000,0
7723,築間,OTC,-5000,0
7728,光焱科技,OTC,-4000,0
7734,印能科技,OTC,-37142,32000
7738,東聯互動,OTC,-3000,0
7744,崴寶,OTC,17000,0
7751,竑騰,OTC,21041,0
7753,星亞,OTC,11000,0
7757,金色三麥,OTC,4000,0
7767,仁大資訊,OTC,1000,0
7770,君曜,OTC,4000,0
7772,耀穎,OTC,14000,0
7777,能率亞洲,OTC,306366,0
7782,光速火箭,OTC,-1000,0
7792,安葆,OTC,76250,0
7794,宏碁智新,OTC,-5000,0
7805,威聯通,OTC,15050,0
7810,捷創科技,OTC,-4060,0
7811,民盛,OTC,-2000,0
7814,海昌生技,OTC,-42000,0
7819,精誠金融,OTC,-6000,0
7820,立盈,OTC,4000,0
7828,創新服務,OTC,-8969,10500
7839,達人網,OTC,4000,0
7842,天能綠電,OTC,5000,0
8024,佑華,OTC,5000,0
8027,鈦昇,OTC,70452,0
8032,光菱,OTC,22000,0
8034,榮群,OTC,61000,0
8038,長園科,OTC,-10000,0
8040,九暘,OTC,414310,0
8042,金山電,OTC,1752960,0
8043,蜜望實,OTC,1280624,0
8044,網家,OTC,95000,0
8047,星雲,OTC,-7000,0
8048,德勝,OTC,-19000,0
8049,晶采,OTC,-7000,0
8050,廣積,OTC,-36747,0
8054,安國,OTC,399176,0
8059,凱碩,OTC,39000,0
8064,東捷,OTC,1361839,0
8066,來思達,OTC,1000,0
8068,全達,OTC,74000,0
8069,元太,OTC,-2188253,1114371
8071,能率網通,OTC,412000,0
8074,鉅橡,OTC,269000,0
8076,伍豐,OTC,-86841,0
8080,泰霖,OTC,-12000,0
8083,瑞穎,OTC,6970,0
8084,巨虹,OTC,37000,0
8085,福華,OTC,142000,0
8086,宏捷科,OTC,144284,0
8087,麗升能源,OTC,-3000,0
8088,品安,OTC,170000,0
8089,康全電訊,OTC,36000,0
8091,翔名,OTC,-168671,0
8092,建暐,OTC,3000,0
8093,保銳,OTC,0,0
8096,擎亞,OTC,653603,0
8097,常珵,OTC,-16000,0
8099,大世科,OTC,7000,0
8102,傑霖科技,OTC,0,0
8107,大億金茂,OTC,-4000,0
8109,博大,OTC,10041,2000
8111,立碁,OTC,-238762,0
8121,越峰,OTC,575000,0
8147,正淩,OTC,36192,0
8155,博智,OTC,710867,-515000
8171,天宇,OTC,17000,0
8176,智捷,OTC,-27000,0
8182,加高,OTC,389974,0
8183,精星,OTC,-5000,0
8227,巨有科技,OTC,152867,0
8234,新漢,OTC,135920,0
8240,華宏,OTC,156570,0
8255,朋程,OTC,54975,0
8272,全景軟體,OTC,-4000,0
8277,商丞,OTC,-53000,0
8279,生展,OTC,1000,0
8284,三竹,OTC,-3000,0
8289,泰藝,OTC,565500,0
8291,尚茂,OTC,-1000,0
8299,群聯,OTC,420516,12612
8349,恒耀,OTC,3000,0
8354,冠好,OTC,43000,0
8358,金居,OTC,699217,2900
8383,千附,OTC,329975,0
8390,金益鼎,OTC,-51000,0
8401,白紗科,OTC,-4000,0
8403,盛弘,OTC,36000,0
8409,商之器,OTC,-4000,0
8410,森田,OTC,-7000,0
8415,大國鋼,OTC,175000,0
8416,實威,OTC,-1000,0
8421,旭源,OTC,47500,0
8424,惠普,OTC,-6000,0
8426,紅木-KY,OTC,58000,0
8431,匯鑽科,OTC,79766,0
8432,東生華,OTC,0,0
8433,弘帆,OTC,-1000,0
8436,大江,OTC,-75900,-37501
8437,大地-KY,OTC,-3000,0
8440,綠電,OTC,22000,0
8446,華研,OTC,43000,0
8450,霹靂,OTC,4000,0
8477,創業家,OTC,6000,0
8489,三貝德,OTC,-5000,0
8905,裕國,OTC,0,0
8906,花王,OTC,2000,0
8908,欣雄,OTC,111000,0
8916,光隆,OTC,8946,0
8917,欣泰,OTC,-3000,0
8924,大田,OTC,15000,0
8927,北基,OTC,60000,0
8928,鉅明,OTC,-8000,0
8929,富堡,OTC,-5000,0
8930,青鋼,OTC,-29000,0
8931,大汽電,OTC,-3000,0
8932,智通*,OTC,-588329,0
8933,愛地雅,OTC,-16000,0
8935,邦泰,OTC,-84000,0
8936,國統,OTC,95000,3637
8937,合騏*,OTC,-3000,0
8938,明安,OTC,97686,0
8941,關中,OTC,1000,0
8942,森鉅,OTC,-74506,0
9949,琉園,OTC,13000,0
9950,萬國通,OTC,-7000,0
9951,皇田,OTC,-11000,0
9960,邁達康,OTC,-4000,0
9962,有益,OTC,-6000,0
