股票代號,股票名稱,市場,收盤價,5日均線,20日均線,今日融資增減,今日融券增減,近3日融資增減,近3日融券增減,5日均量(張),籌碼診斷,is_squeeze,is_major_fire,is_retail_trap
3231,緯創,TSE,164.0,148.5,148.79,2601,161,"(+2012, +680, +2601)","(+182, +31, +161)",50056,🔥【資券同增：潛在軋空強勢股】 | 【主力點火資】,True,True,False
8039,台虹,TSE,233.0,206.0,165.52,2219,761,"(+3882, +1308, +2219)","(+74, +484, +761)",33220,🔥【資券同增：潛在軋空強勢股】 | 【主力點火資】,True,True,False
6166,凌華,TSE,145.0,128.9,132.95,412,7,"(+48, +231, +412)","(+11, +17, +7)",1675,🔥【資券同增：潛在軋空強勢股】 | 【主力點火資】,True,True,False
3022,威強電,TSE,90.9,83.92,85.76,188,4,"(+38, +85, +188)","(+3, +4, +4)",2125,🔥【資券同增：潛在軋空強勢股】 | 【主力點火資】,True,True,False
2344,華邦電,TSE,171.0,160.9,179.47,4117,913,"(-4670, +3420, +4117)","(-4880, +191, +913)",112351,【主力點火資】,False,True,True
6147,頎邦,OTC,190.0,180.7,203.4,3178,267,"(-8969, +1628, +3178)","(-149, -283, +267)",24349,【主力點火資】,False,True,True
1303,南亞,TSE,208.0,202.0,186.7,2853,309,"(-3616, +5952, +2853)","(-4079, -369, +309)",119503,【主力點火資】,False,True,False
3374,精材,OTC,418.0,379.4,337.93,2763,104,"(+1797, +1527, +2763)","(-23, +236, +104)",23968,【主力點火資】,False,True,False
1714,和桐,TSE,15.7,15.48,17.91,2519,-19,"(-288, +242, +2519)","(-9, -69, -19)",18985,【主力點火資】,False,True,True
3189,景碩,TSE,796.0,736.8,790.09,2077,73,"(-256, +542, +2077)","(+45, +109, +73)",12167,【主力點火資】,False,True,False
8358,金居,OTC,412.5,402.7,508.23,1559,18,"(-438, +721, +1559)","(+28, +6, +18)",8305,【主力點火資】,False,True,True
2332,友訊,TSE,23.9,21.97,20.97,1396,102,"(-32, +1577, +1396)","(+390, -53, +102)",44198,【主力點火資】,False,True,False
5425,台半,OTC,92.8,92.56,116.24,1168,0,"(-1077, +180, +1168)","(-46, -66, +0)",12170,【主力點火資】,False,True,True
2481,強茂,TSE,157.5,151.8,185.65,1143,78,"(-907, +448, +1143)","(-46, -5, +78)",17017,【主力點火資】,False,True,True
3105,穩懋,OTC,359.0,342.7,395.07,1143,132,"(+124, +388, +1143)","(-426, -33, +132)",14090,【主力點火資】,False,True,True
8046,南電,TSE,1305.0,1205.0,1179.0,915,124,"(-411, +723, +915)","(-311, +14, +124)",17310,【主力點火資】,False,True,False
6213,聯茂,TSE,367.0,337.6,358.39,885,-71,"(+842, +663, +885)","(+91, +155, -71)",22751,【主力點火資】,False,True,False
3605,宏致,TSE,92.8,83.64,84.86,773,66,"(-313, -126, +773)","(-4, +17, +66)",7236,【主力點火資】,False,True,False
1709,和益,TSE,27.9,27.09,24.79,769,4,"(+111, +2800, +769)","(+10, -9, +4)",5816,【主力點火資】,False,True,False
2324,仁寶,TSE,36.2,35.71,35.6,597,13,"(-410, -754, +597)","(-59, +84, +13)",53058,【主力點火資】,False,True,False
2425,承啟,TSE,45.15,42.57,42.11,595,37,"(+79, +64, +595)","(+2, -1, +37)",2494,【主力點火資】,False,True,False
2377,微星,TSE,155.0,145.8,143.35,588,97,"(-400, +189, +588)","(+20, -56, +97)",17574,【主力點火資】,False,True,False
4939,亞電,OTC,70.9,67.38,61.75,581,-707,"(+327, +367, +581)","(+404, +747, -707)",40524,【主力點火資】,False,True,False
4958,臻鼎-KY,TSE,559.0,529.1,580.27,568,108,"(-2706, +926, +568)","(-214, +38, +108)",35228,【主力點火資】,False,True,True
4956,光鋐,TSE,30.4,29.93,35.32,557,4,"(-399, -262, +557)","(+0, +0, +4)",1715,【主力點火資】,False,True,True
2610,華航,TSE,21.35,21.08,21.46,540,-45,"(-248, +1045, +540)","(+50, +9, -45)",35428,【主力點火資】,False,True,True
1312,國喬,TSE,13.8,13.21,13.7,534,74,"(+1070, -244, +534)","(-8, +44, +74)",15225,【主力點火資】,False,True,False
2455,全新,TSE,324.5,298.3,329.22,518,184,"(-511, +217, +518)","(-180, +53, +184)",4810,【主力點火資】,False,True,True
1467,南緯,TSE,10.0,9.54,8.59,488,-2,"(-242, +153, +488)","(+6, +2, -2)",1370,【主力點火資】,False,True,False
1434,福懋,TSE,19.2,19.08,17.84,439,46,"(-834, +264, +439)","(+62, -62, +46)",14797,【主力點火資】,False,True,False
4979,華星光,OTC,379.0,364.8,421.98,369,8,"(-675, +214, +369)","(+11, -5, +8)",6199,【主力點火資】,False,True,True
4991,環宇-KY,OTC,420.5,382.2,466.4,364,155,"(-579, +209, +364)","(-116, +16, +155)",3594,【主力點火資】,False,True,True
2302,麗正,TSE,43.55,41.46,46.39,360,-38,"(-426, -14, +360)","(-18, -3, -38)",4461,【主力點火資】,False,True,True
6414,樺漢,TSE,490.0,427.1,392.8,358,-11,"(+318, +384, +358)","(+120, +94, -11)",3585,【主力點火資】,False,True,False
6416,瑞祺電通,TSE,106.0,96.4,90.4,338,0,"(+5, +364, +338)","(+0, +1, +0)",1292,【主力點火資】,False,True,False
1708,東鹼,TSE,54.1,53.66,55.99,335,-1,"(-109, +222, +335)","(-9, +12, -1)",4660,【主力點火資】,False,True,True
4513,福裕,OTC,22.8,21.28,18.37,325,20,"(-121, -3, +325)","(-2, +10, +20)",4418,【主力點火資】,False,True,False
4960,誠美材,TSE,22.25,21.79,24.09,317,8,"(-225, -626, +317)","(+6, -1, +8)",2932,【主力點火資】,False,True,True
2464,盟立,TSE,151.0,145.2,161.35,308,59,"(-515, -26, +308)","(+424, -519, +59)",5888,【主力點火資】,False,True,True
5471,松翰,TSE,57.5,56.64,60.68,304,10,"(-115, +179, +304)","(+5, +1, +10)",3472,【主力點火資】,False,True,True
2834,臺企銀,TSE,18.1,18.06,17.92,298,-2,"(+553, -21, +298)","(+5, -1, -2)",39101,【主力點火資】,False,True,False
2316,楠梓電,TSE,161.5,161.3,196.5,291,-1,"(-310, +110, +291)","(-18, +1, -1)",3067,【主力點火資】,False,True,True
3443,創意,TSE,4370.0,4050.0,4438.75,288,-2,"(-179, +168, +288)","(+2, +18, -2)",1723,【主力點火資】,False,True,True
2882,國泰金,TSE,96.8,95.64,96.85,279,12,"(-66, -1574, +279)","(+31, +1, +12)",23843,【主力點火資】,False,True,True
2454,聯發科,TSE,3850.0,3586.0,3908.85,270,-33,"(-118, +169, +270)","(+7, +25, -33)",8894,【主力點火資】,False,True,True
3594,磐儀,OTC,53.7,49.67,51.65,265,11,"(-40, -14, +265)","(+0, +0, +11)",1272,【主力點火資】,False,True,False
4931,新盛力,OTC,215.0,209.3,233.82,265,19,"(-187, +139, +265)","(-6, +18, +19)",3211,【主力點火資】,False,True,True
5291,邑昇,OTC,55.5,52.84,55.83,258,3,"(-45, -28, +258)","(-6, -1, +3)",1302,【主力點火資】,False,True,True
2855,統一證,TSE,44.5,44.32,48.6,253,-3,"(-291, +112, +253)","(-21, +1, -3)",5477,【主力點火資】,False,True,True
2426,鼎元,TSE,58.8,56.92,69.48,248,-16,"(-967, +111, +248)","(-334, +24, -16)",7434,【主力點火資】,False,True,True
3036,文曄,TSE,197.5,193.0,207.6,240,-74,"(-224, +731, +240)","(+28, -152, -74)",7477,【主力點火資】,False,True,True
6209,今國光,TSE,70.0,69.84,77.75,226,1,"(-951, +17, +226)","(-18, -3, +1)",4468,【主力點火資】,False,True,True
6239,力成,TSE,294.0,287.4,314.45,219,20,"(-1777, -293, +219)","(-20, -22, +20)",22058,【主力點火資】,False,True,True
2103,台橡,TSE,24.15,23.78,23.0,216,2,"(-113, +77, +216)","(-10, +0, +2)",8496,【主力點火資】,False,True,False
6669,緯穎,TSE,5500.0,4984.0,4930.0,209,5,"(-165, +19, +209)","(+0, +4, +5)",1653,【主力點火資】,False,True,False
3362,先進光,OTC,156.5,156.4,175.4,209,28,"(-455, +53, +209)","(+29, +53, +28)",2820,【主力點火資】,False,True,True
6139,亞翔,TSE,844.0,820.2,878.7,203,6,"(+110, +35, +203)","(-12, +12, +6)",3464,【主力點火資】,False,True,True
1313,聯成,TSE,12.3,12.22,12.61,199,10,"(-96, -53, +199)","(+0, +47, +10)",5813,【主力點火資】,False,True,True
5347,世界,OTC,171.0,167.1,183.31,187,93,"(-1206, +180, +187)","(-249, -356, +93)",32734,【主力點火資】,False,True,True
6834,天二科技,TSE,100.5,99.5,117.6,186,17,"(-326, +297, +186)","(-35, +40, +17)",5207,【主力點火資】,False,True,True
2312,金寶,TSE,33.0,32.22,33.88,182,-137,"(-957, -991, +182)","(+16, +296, -137)",20922,【主力點火資】,False,True,True
2369,菱生,TSE,36.45,35.9,39.58,179,65,"(-980, +167, +179)","(-82, +4, +65)",13749,【主力點火資】,False,True,True
3060,銘異,TSE,30.15,29.87,34.36,175,5,"(-37, +25, +175)","(-5, +1, +5)",2442,【主力點火資】,False,True,True
1308,亞聚,TSE,14.6,14.45,14.58,174,0,"(-38, -109, +174)","(+0, +0, +0)",2443,【主力點火資】,False,True,False
1101,台泥,TSE,23.85,23.83,23.37,161,-98,"(+393, -1482, +161)","(+38, +49, -98)",28671,【主力點火資】,False,True,False
6206,飛捷,TSE,126.5,117.2,121.78,161,17,"(-64, -58, +161)","(+0, +0, +17)",1418,【主力點火資】,False,True,False
6695,芯鼎,TSE,55.9,54.86,56.69,157,-3,"(-41, -30, +157)","(+2, +6, -3)",1791,【主力點火資】,False,True,True
3615,安可,OTC,41.4,41.35,47.0,157,-3,"(-139, +105, +157)","(+6, +5, -3)",1251,【主力點火資】,False,True,True
6259,百徽,OTC,36.4,34.44,37.67,156,0,"(+16, -16, +156)","(-3, +0, +0)",1658,【主力點火資】,False,True,True
8155,博智,OTC,309.0,304.1,344.97,155,1,"(-97, +11, +155)","(-13, -7, +1)",1497,【主力點火資】,False,True,True
2890,永豐金,TSE,40.4,40.03,40.13,153,0,"(+218, +12, +153)","(+0, +0, +0)",52080,【主力點火資】,False,True,False
8996,高力,TSE,1080.0,1034.8,1275.95,143,16,"(-182, +115, +143)","(-37, -41, +16)",2179,【主力點火資】,False,True,True
2363,矽統,TSE,59.0,58.56,65.76,141,-7,"(-483, +156, +141)","(-35, +7, -7)",7810,【主力點火資】,False,True,True
6719,力智,TSE,246.5,230.41,259.77,137,1,"(-215, +64, +137)","(+0, +19, +1)",1851,【主力點火資】,False,True,True
6442,光聖,TSE,1385.0,1303.0,1483.12,130,7,"(-360, +54, +130)","(+3, -3, +7)",1645,【主力點火資】,False,True,True
3706,神達,TSE,91.2,89.82,89.12,129,-58,"(-350, +195, +129)","(-21, -26, -58)",12307,【主力點火資】,False,True,False
1597,直得,TSE,129.0,128.5,139.5,127,0,"(-657, -102, +127)","(+2, -1, +0)",1012,【主力點火資】,False,True,True
4989,榮科,TSE,72.5,71.0,86.3,127,155,"(-1116, +862, +127)","(+540, +857, +155)",7429,【主力點火資】,False,True,True
2637,慧洋-KY,TSE,83.6,81.14,78.59,120,10,"(-86, +47, +120)","(-4, +2, +10)",2183,【主力點火資】,False,True,False
8271,宇瞻,TSE,196.5,189.9,187.5,119,30,"(-2, -61, +119)","(+22, -2, +30)",4540,【主力點火資】,False,True,False
2395,研華,TSE,596.0,542.17,510.94,118,-34,"(+4, +320, +118)","(+5, -3, -34)",4438,【主力點火資】,False,True,False
6415,矽力*-KY,TSE,483.5,456.1,538.95,118,6,"(-259, +55, +118)","(+0, +8, +6)",5417,【主力點火資】,False,True,True
2355,敬鵬,TSE,43.25,43.05,48.47,117,25,"(-809, -119, +117)","(+0, +4, +25)",4485,【主力點火資】,False,True,True
3163,波若威,OTC,730.0,678.4,740.0,114,-24,"(-743, +51, +114)","(-36, -5, -24)",2204,【主力點火資】,False,True,True
3450,聯鈞,TSE,458.5,437.4,494.15,113,-20,"(-1286, +165, +113)","(-104, +37, -20)",5117,【主力點火資】,False,True,True
2385,群光,TSE,106.5,104.3,105.3,110,0,"(-49, -42, +110)","(-2, -1, +0)",5476,【主力點火資】,False,True,False
6505,台塑化,TSE,85.1,81.9,64.8,110,-750,"(-963, +2284, +110)","(+813, +474, -750)",106564,【主力點火資】,False,True,False
3017,奇鋐,TSE,2265.0,2229.0,2375.25,108,-1,"(+104, -48, +108)","(-5, +3, -1)",4267,【主力點火資】,False,True,True
3045,台灣大,TSE,112.5,111.6,111.31,106,-10,"(-123, -98, +106)","(+0, +1, -10)",18511,【主力點火資】,False,True,False
2330,台積電,TSE,2400.0,2378.0,2415.5,105,1,"(-825, -725, +105)","(+42, -25, +1)",41850,【主力點火資】,False,True,True
2327,國巨*,TSE,703.0,695.6,901.55,103,157,"(-3311, +2103, +103)","(-243, -663, +157)",53013,【主力點火資】,False,True,True
2913,農林,TSE,11.4,11.34,11.18,93,1,"(-162, -91, +93)","(+0, +0, +1)",2568,【主力點火資】,False,True,False
4916,事欣科,TSE,106.5,104.74,107.4,93,-75,"(-59, -90, +93)","(+26, +9, -75)",5931,【主力點火資】,False,True,True
6693,廣閎科,OTC,193.5,192.3,226.24,93,0,"(-396, +62, +93)","(-1, +0, +0)",1031,【主力點火資】,False,True,True
2233,宇隆,TSE,216.0,214.7,233.22,84,1,"(-379, +29, +84)","(+2, +3, +1)",1157,【主力點火資】,False,True,True
6197,佳必琪,TSE,315.0,310.7,341.88,82,3,"(-13, +240, +82)","(+84, +112, +3)",2368,【主力點火資】,False,True,True
3455,由田,OTC,201.5,200.6,227.82,82,-8,"(-155, +115, +82)","(+18, +1, -8)",1391,【主力點火資】,False,True,True
5289,宜鼎,OTC,1360.0,1309.0,1513.25,82,-8,"(-102, +59, +82)","(+10, +1, -8)",2316,【主力點火資】,False,True,True
9938,百和,TSE,47.1,46.76,45.66,80,-6,"(+13, +87, +80)","(+0, +6, -6)",2403,【主力點火資】,False,True,False
8299,群聯,OTC,1915.0,1854.0,2143.67,77,-1,"(-280, -28, +77)","(-4, +11, -1)",4574,【主力點火資】,False,True,True
6789,采鈺,TSE,492.0,486.4,508.62,74,11,"(-195, -17, +74)","(-66, +16, +11)",2061,【主力點火資】,False,True,True
4171,瑞基,OTC,19.2,18.48,17.35,73,0,"(+403, -1, +73)","(-4, +0, +0)",1029,【主力點火資】,False,True,False
8081,致新,TSE,253.0,245.6,281.63,72,0,"(-20, +62, +72)","(+1, +0, +0)",1612,【主力點火資】,False,True,True
1503,士電,TSE,211.5,203.4,223.0,71,0,"(-139, -43, +71)","(+0, +0, +0)",2326,【主力點火資】,False,True,True
1795,美時,TSE,192.5,191.6,196.0,71,-1,"(-1, +50, +71)","(+5, -2, -1)",1693,【主力點火資】,False,True,True
5871,中租-KY,TSE,123.0,121.8,117.22,70,-1,"(-176, +40, +70)","(-2, +0, -1)",12412,【主力點火資】,False,True,False
1563,巧新,TSE,62.8,61.68,63.41,69,0,"(+239, +240, +69)","(-1, -1, +0)",1468,【主力點火資】,False,True,True
1536,和大,TSE,52.3,50.87,51.12,67,50,"(-25, -30, +67)","(-1, -2, +50)",2252,【主力點火資】,False,True,False
3015,全漢,TSE,57.1,56.42,62.35,66,0,"(-63, +31, +66)","(+1, +0, +0)",1163,【主力點火資】,False,True,True
8069,元太,OTC,194.5,183.33,192.15,65,-5,"(-144, +86, +65)","(+7, +27, -5)",7848,【主力點火資】,False,True,False
3041,揚智,TSE,24.05,24.0,26.48,64,0,"(+163, -1, +64)","(+0, +0, +0)",1439,【主力點火資】,False,True,True
2305,全友,TSE,33.75,32.91,36.32,63,-6,"(+79, -388, +63)","(-17, -3, -6)",4874,【主力點火資】,False,True,True
6026,福邦證,OTC,14.6,14.37,15.28,63,0,"(-53, +47, +63)","(+0, +0, +0)",1485,【主力點火資】,False,True,True
6451,訊芯-KY,TSE,444.0,436.2,505.95,62,0,"(-1030, +401, +62)","(-31, -9, +0)",2825,【主力點火資】,False,True,True
2399,映泰,TSE,39.45,38.45,45.93,60,6,"(-286, -14, +60)","(-29, -28, +6)",2925,【主力點火資】,False,True,True
3324,雙鴻,OTC,908.0,901.4,948.6,58,64,"(-122, -52, +58)","(+27, -15, +64)",2282,【主力點火資】,False,True,True
5351,鈺創,OTC,90.4,89.56,90.98,57,59,"(+670, +731, +57)","(-134, +148, +59)",27625,【主力點火資】,False,True,True
3094,聯傑,TSE,38.15,38.06,39.6,55,20,"(-114, +165, +55)","(-32, +36, +20)",5355,【主力點火資】,False,True,True
3030,德律,TSE,298.5,294.2,308.0,54,-3,"(-229, -19, +54)","(-9, +10, -3)",1772,【主力點火資】,False,True,True
3380,明泰,TSE,30.8,30.47,32.49,54,-6,"(-43, -1, +54)","(-1, +7, -6)",2070,【主力點火資】,False,True,True
8210,勤誠,TSE,1150.0,1133.0,1199.5,54,0,"(-49, -45, +54)","(+3, -2, +0)",1046,【主力點火資】,False,True,True
4540,全球傳動,TSE,53.4,52.53,57.16,53,19,"(-122, -19, +53)","(+21, +29, +19)",1216,【主力點火資】,False,True,True
4977,眾達-KY,TSE,134.0,132.16,149.73,53,8,"(-412, +81, +53)","(+0, +0, +8)",1435,【主力點火資】,False,True,True
9939,宏全,TSE,132.0,128.8,124.24,52,1,"(+163, +108, +52)","(+0, +3, +1)",2306,【主力點火資】,False,True,False
4973,廣穎,OTC,144.5,142.4,160.47,50,-2,"(-233, +35, +50)","(+3, -4, -2)",1537,【主力點火資】,False,True,True
2379,瑞昱,TSE,743.0,727.0,775.3,41,-49,"(-59, -28, +41)","(-11, +60, -49)",4932,【主力點火資】,False,True,True
6196,帆宣,TSE,548.0,547.6,555.6,39,-4,"(-18, +4, +39)","(+8, +7, -4)",1863,【主力點火資】,False,True,True
8222,寶一,TSE,39.9,39.34,39.63,39,-4,"(+32, -4, +39)","(-2, +36, -4)",2382,【主力點火資】,False,True,False
6138,茂達,OTC,340.0,315.9,359.3,38,-10,"(-140, +60, +38)","(+5, +5, -10)",1647,【主力點火資】,False,True,True
3652,精聯,TSE,31.6,30.62,33.77,37,0,"(+53, -46, +37)","(+0, +0, +0)",1213,【主力點火資】,False,True,True
5608,四維航,TSE,13.85,13.83,14.3,36,0,"(-497, -3, +36)","(+5, -5, +0)",1552,【主力點火資】,False,True,True
3491,昇達科,OTC,1300.0,1274.0,1270.25,36,0,"(-17, +0, +36)","(+0, +0, +0)",3078,【主力點火資】,False,True,False
2892,第一金,TSE,34.4,34.17,33.39,34,0,"(-622, -905, +34)","(-3, +0, +0)",38187,【主力點火資】,False,True,False
2465,麗臺,TSE,82.5,78.34,78.11,33,13,"(+15, +16, +33)","(+60, -1, +13)",1426,【主力點火資】,False,True,False
2436,偉詮電,TSE,61.3,59.28,67.17,30,216,"(-114, +25, +30)","(-4, +84, +216)",2794,【主力點火資】,False,True,True
2867,三商壽,TSE,9.28,9.18,8.78,30,-6,"(+37, -277, +30)","(+18, +2, -6)",23359,【主力點火資】,False,True,False
6412,群電,TSE,82.2,81.3,88.52,30,0,"(-22, -1, +30)","(+14, +0, +0)",1065,【主力點火資】,False,True,True
3081,聯亞,OTC,1665.0,1543.0,1751.08,28,10,"(-133, +120, +28)","(+6, +3, +10)",1651,【主力點火資】,False,True,True
5386,青雲,OTC,265.5,252.66,274.65,28,-3,"(+35, -19, +28)","(+23, +30, -3)",1791,【主力點火資】,False,True,True
2441,超豐,TSE,127.5,127.3,135.43,27,-107,"(-1239, +161, +27)","(+9, -3, -107)",7295,【主力點火資】,False,True,True
5243,乙盛-KY,TSE,90.7,90.3,97.25,27,-2,"(-363, +13, +27)","(+0, +0, -2)",1531,【主力點火資】,False,True,True
2342,茂矽,TSE,42.95,42.69,50.24,24,31,"(-261, -30, +24)","(-37, -34, +31)",3114,【主力點火資】,False,True,True
5434,崇越,TSE,565.0,562.8,527.05,24,0,"(-19, -5, +24)","(+0, -1, +0)",2413,【主力點火資】,False,True,False
6244,茂迪,OTC,26.4,25.83,26.47,23,0,"(-182, -106, +23)","(+0, +0, +0)",3581,【主力點火資】,False,True,True
3653,健策,TSE,3500.0,3348.56,3297.36,21,2,"(-47, +66, +21)","(+0, +0, +2)",1498,【主力點火資】,False,True,False
5490,同亨,OTC,33.45,30.59,29.47,21,8,"(+3, +50, +21)","(+0, +1, +8)",1428,【主力點火資】,False,True,False
2915,潤泰全,TSE,51.5,51.28,50.32,20,0,"(+38, -11, +20)","(+7, -6, +0)",3605,【主力點火資】,False,True,False
1612,宏泰,TSE,31.4,31.33,33.34,19,0,"(-39, -14, +19)","(+54, +0, +0)",1184,【主力點火資】,False,True,True
8016,矽創,TSE,299.5,288.5,321.7,17,1,"(-48, +30, +17)","(-2, +0, +1)",1282,【主力點火資】,False,True,True
6432,今展科,OTC,73.0,69.58,74.38,17,3,"(-44, -3, +17)","(-9, -39, +3)",1286,【主力點火資】,False,True,True
6015,宏遠證,OTC,16.6,16.56,17.31,16,12,"(-145, -31, +16)","(-29, +9, +12)",1528,【主力點火資】,False,True,True
3056,富華新,TSE,14.85,14.62,14.68,15,0,"(-71, +0, +15)","(+0, +0, +0)",1201,【主力點火資】,False,True,False
3406,玉晶光,TSE,529.0,527.2,609.4,15,2,"(-50, +54, +15)","(+2, +12, +2)",1622,【主力點火資】,False,True,True
3702,大聯大,TSE,118.0,111.8,110.12,15,-278,"(+57, -51, +15)","(+264, +248, -278)",11051,【主力點火資】,False,True,False
2383,台光電,TSE,5125.0,4767.0,5230.75,14,34,"(-33, +97, +14)","(-37, +5, +34)",2305,【主力點火資】,False,True,True
9934,成霖,TSE,10.9,10.79,10.45,13,0,"(+119, +10, +13)","(+1, +0, +0)",1173,【主力點火資】,False,True,False
2641,正德,OTC,17.3,17.13,17.67,13,0,"(-94, -73, +13)","(+24, +0, +0)",1637,【主力點火資】,False,True,True
3479,安勤,OTC,150.0,143.4,141.23,13,47,"(-28, +273, +13)","(-33, +32, +47)",3542,【主力點火資】,False,True,False
2880,華南金,TSE,41.25,40.3,38.72,12,32,"(-126, -18, +12)","(-1, +1, +32)",32903,【主力點火資】,False,True,False
4915,致伸,TSE,66.3,65.72,67.08,9,-3,"(-11, -54, +9)","(+28, +4, -3)",2736,【主力點火資】,False,True,True
1513,中興電,TSE,162.5,161.6,167.71,8,5,"(-67, -52, +8)","(-5, -7, +5)",3751,【主力點火資】,False,True,True
3305,昇貿,TSE,112.0,111.5,124.02,8,0,"(-347, -66, +8)","(-5, -2, +0)",1989,【主力點火資】,False,True,True
8074,鉅橡,OTC,57.0,56.9,63.63,8,-1,"(-127, +11, +8)","(+4, +0, -1)",1046,【主力點火資】,False,True,True
6188,廣明,OTC,71.7,71.46,75.98,7,-2,"(-110, -12, +7)","(-4, +1, -2)",1038,【主力點火資】,False,True,True
8050,廣積,OTC,61.2,59.12,57.03,6,0,"(+19, +203, +6)","(-2, +0, +0)",2545,【主力點火資】,False,True,False
3312,弘憶股,TSE,48.9,48.79,55.43,4,20,"(-208, -4, +4)","(-1, +12, +20)",1234,【主力點火資】,False,True,True
9958,世紀鋼,TSE,115.5,114.6,116.42,4,0,"(-113, -153, +4)","(+0, +0, +0)",1796,【主力點火資】,False,True,True
8110,華東,TSE,44.35,43.76,50.16,3,35,"(-768, +43, +3)","(+5, +16, +35)",4874,【主力點火資】,False,True,True
3023,信邦,TSE,317.0,308.8,320.82,2,0,"(-7, -6, +2)","(+0, +2, +0)",1303,【主力點火資】,False,True,True
2492,華新科,TSE,300.0,299.8,453.35,1,12,"(-179, +274, +1)","(-1, +125, +12)",4391,【主力點火資】,False,True,True
3481,群創,TSE,52.5,52.7,62.1,4150,-1952,"(-3861, +18966, +4150)","(-4427, +1908, -1952)",309896,【散戶套牢資 / 留意斷頭】,False,False,True
2409,友達,TSE,25.8,26.05,29.08,3774,3964,"(-721, +2254, +3774)","(-2900, -2691, +3964)",186337,【散戶套牢資 / 留意斷頭】,False,False,True
2634,漢翔,TSE,64.4,65.32,59.52,3413,434,"(+2994, -2201, +3413)","(+322, +659, +434)",81888,一般資增,False,False,False
1718,中纖,TSE,12.35,13.37,13.54,2727,132,"(-252, -369, +2727)","(+14, -115, +132)",27570,【散戶套牢資 / 留意斷頭】,False,False,True
2303,聯電,TSE,139.0,141.5,156.24,1689,-428,"(-11151, +7376, +1689)","(-7128, -857, -428)",212198,【散戶套牢資 / 留意斷頭】,False,False,True
6770,力積電,TSE,67.9,68.28,72.71,1411,429,"(-6043, +1793, +1411)","(-1413, +613, +429)",237449,【散戶套牢資 / 留意斷頭】,False,False,True
6488,環球晶,OTC,1240.0,1264.0,1233.0,1106,12,"(+731, +710, +1106)","(-77, +75, +12)",10721,一般資增,False,False,False
2382,廣達,TSE,329.0,329.3,350.64,1045,-9,"(+232, +307, +1045)","(-472, -116, -9)",29224,【散戶套牢資 / 留意斷頭】,False,False,True
6226,光鼎,TSE,19.1,21.06,23.08,950,1,"(-122, +206, +950)","(-25, -25, +1)",6564,【散戶套牢資 / 留意斷頭】,False,False,True
2313,華通,TSE,208.0,212.9,224.15,865,461,"(-3491, -468, +865)","(-1486, +973, +461)",37953,【散戶套牢資 / 留意斷頭】,False,False,True
8021,尖點,TSE,418.5,433.6,505.22,817,23,"(-533, +248, +817)","(-6, -14, +23)",3860,【散戶套牢資 / 留意斷頭】,False,False,True
3042,晶技,TSE,169.0,169.8,194.6,712,3,"(-2027, +666, +712)","(-9, -118, +3)",15319,【散戶套牢資 / 留意斷頭】,False,False,True
3024,憶聲,TSE,13.2,13.73,12.61,670,53,"(-210, +41, +670)","(+4, -7, +53)",6599,一般資增,False,False,False
1586,和勤,OTC,18.0,18.04,18.93,502,-204,"(+291, +251, +502)","(-1481, -328, -204)",1679,【散戶套牢資 / 留意斷頭】,False,False,True
1314,中石化,TSE,8.42,8.57,8.83,423,-34,"(-1475, -3977, +423)","(+6, +185, -34)",56467,【散戶套牢資 / 留意斷頭】,False,False,True
5371,中光電,OTC,86.0,86.08,88.56,415,387,"(-42, +220, +415)","(+93, +275, +387)",35101,【散戶套牢資 / 留意斷頭】,False,False,True
1905,華紙,TSE,14.25,14.28,15.65,385,16,"(+177, -118, +385)","(-11, -21, +16)",2486,【散戶套牢資 / 留意斷頭】,False,False,True
1815,富喬,OTC,80.5,81.52,94.36,378,-11,"(-2647, +674, +378)","(+171, -218, -11)",12395,【散戶套牢資 / 留意斷頭】,False,False,True
2845,遠東銀,TSE,13.35,13.4,13.23,349,0,"(+46, -45, +349)","(-1, -24, +0)",11596,一般資增,False,False,False
1102,亞泥,TSE,32.45,32.97,33.19,314,0,"(+2, -1, +314)","(+0, +0, +0)",23164,【散戶套牢資 / 留意斷頭】,False,False,True
2371,大同,TSE,26.4,26.42,27.14,269,-9,"(-273, -200, +269)","(+4, +26, -9)",9207,【散戶套牢資 / 留意斷頭】,False,False,True
2527,宏璟,TSE,49.05,49.52,43.76,256,-51,"(+278, +87, +256)","(+45, +3, -51)",3392,一般資增,False,False,False
1310,台苯,TSE,10.15,10.18,10.46,238,14,"(-13, -945, +238)","(-18, -4, +14)",5203,【散戶套牢資 / 留意斷頭】,False,False,True
2368,金像電,TSE,940.0,955.8,1103.45,235,-2,"(-171, +273, +235)","(+68, +1, -2)",5360,【散戶套牢資 / 留意斷頭】,False,False,True
4716,大立,OTC,18.45,18.75,21.93,224,0,"(-87, -9, +224)","(-11, -15, +0)",1172,【散戶套牢資 / 留意斷頭】,False,False,True
1909,榮成,TSE,10.1,10.13,10.11,212,-19,"(+12, +147, +212)","(-1, +22, -19)",3013,【散戶套牢資 / 留意斷頭】,False,False,True
3707,漢磊,OTC,66.0,68.08,79.36,208,30,"(-715, +128, +208)","(-230, -72, +30)",9097,【散戶套牢資 / 留意斷頭】,False,False,True
1409,新纖,TSE,24.4,24.5,26.74,201,-104,"(-1359, +406, +201)","(+36, -94, -104)",17328,【散戶套牢資 / 留意斷頭】,False,False,True
3236,千如,OTC,47.05,47.93,60.11,196,-85,"(-629, +81, +196)","(-67, +11, -85)",4245,【散戶套牢資 / 留意斷頭】,False,False,True
5439,高技,OTC,251.5,255.47,298.32,186,10,"(-656, -27, +186)","(+0, +0, +10)",2089,【散戶套牢資 / 留意斷頭】,False,False,True
2105,正新,TSE,31.25,32.77,31.87,179,-10,"(-114, +108, +179)","(-6, +9, -10)",18527,【散戶套牢資 / 留意斷頭】,False,False,True
2375,凱美,TSE,145.5,146.6,185.68,179,-16,"(-1102, -371, +179)","(-62, -41, -16)",6753,【散戶套牢資 / 留意斷頭】,False,False,True
2504,國產,TSE,31.2,31.54,32.1,170,0,"(+15, -42, +170)","(+0, +0, +0)",2522,【散戶套牢資 / 留意斷頭】,False,False,True
2515,中工,TSE,12.2,12.39,12.82,167,-1,"(-167, +174, +167)","(+37, +3, -1)",12323,【散戶套牢資 / 留意斷頭】,False,False,True
8422,可寧衛*,TSE,26.0,26.21,26.98,162,-1,"(-608, -40, +162)","(+10, +1, -1)",6121,【散戶套牢資 / 留意斷頭】,False,False,True
6202,盛群,TSE,57.5,58.5,65.68,160,-46,"(-77, +78, +160)","(-10, +51, -46)",4772,【散戶套牢資 / 留意斷頭】,False,False,True
2201,裕隆,TSE,28.1,28.51,28.13,152,-1,"(+109, -33, +152)","(+3, +1, -1)",2810,【散戶套牢資 / 留意斷頭】,False,False,True
2472,立隆電,TSE,282.5,285.8,361.4,150,4,"(-854, +146, +150)","(-5, +2, +4)",4917,【散戶套牢資 / 留意斷頭】,False,False,True
6282,康舒,TSE,48.7,49.17,55.24,149,17,"(-973, -106, +149)","(-32, -49, +17)",16846,【散戶套牢資 / 留意斷頭】,False,False,True
4743,合一,OTC,47.7,48.44,51.79,146,-3,"(+39, +38, +146)","(+16, -18, -3)",1882,【散戶套牢資 / 留意斷頭】,False,False,True
1515,力山,TSE,38.3,42.13,38.88,140,400,"(-78, +83, +140)","(+54, -10, +400)",4011,【散戶套牢資 / 留意斷頭】,False,False,True
2484,希華,TSE,72.1,77.32,82.09,138,77,"(-291, +1085, +138)","(-329, -178, +77)",24151,【散戶套牢資 / 留意斷頭】,False,False,True
1808,潤隆,TSE,31.95,32.03,30.82,122,0,"(+30, -39, +122)","(+0, +0, +0)",1415,一般資增,False,False,False
2646,星宇航空,TSE,21.4,21.49,21.3,122,-5,"(-332, -60, +122)","(+0, +10, -5)",7503,一般資增,False,False,False
2485,兆赫,TSE,42.3,43.04,49.56,121,-66,"(-911, -164, +121)","(+83, +61, -66)",5190,【散戶套牢資 / 留意斷頭】,False,False,True
8926,台汽電,TSE,64.7,65.28,71.94,119,-2,"(-283, +163, +119)","(+5, +4, -2)",4066,【散戶套牢資 / 留意斷頭】,False,False,True
3357,臺慶科,OTC,219.0,220.0,266.7,117,-10,"(-227, +143, +117)","(+6, -11, -10)",2544,【散戶套牢資 / 留意斷頭】,False,False,True
6271,同欣電,TSE,203.0,204.6,242.68,101,2,"(-758, +241, +101)","(-11, +16, +2)",6338,【散戶套牢資 / 留意斷頭】,False,False,True
3645,達邁,TSE,71.2,71.3,81.62,99,-7,"(-292, +9, +99)","(-1, +0, -7)",1683,【散戶套牢資 / 留意斷頭】,False,False,True
3230,錦明,OTC,42.55,45.75,48.35,96,101,"(-65, +164, +96)","(-8, -242, +101)",2046,【散戶套牢資 / 留意斷頭】,False,False,True
1229,聯華,TSE,40.2,40.64,40.4,95,0,"(+47, +115, +95)","(+0, +0, +0)",2896,【散戶套牢資 / 留意斷頭】,False,False,True
2402,毅嘉,TSE,58.6,58.96,63.84,95,-38,"(-235, -33, +95)","(-27, -39, -38)",1982,【散戶套牢資 / 留意斷頭】,False,False,True
3059,華晶科,TSE,41.45,41.83,46.29,89,9,"(-257, +61, +89)","(-12, +2, +9)",2394,【散戶套牢資 / 留意斷頭】,False,False,True
1319,東陽,TSE,73.2,73.7,75.86,84,-3,"(-65, +102, +84)","(+2, +1, -3)",2515,【散戶套牢資 / 留意斷頭】,False,False,True
2889,國票金,TSE,15.7,15.75,15.4,84,-4,"(+1, +58, +84)","(+21, +0, -4)",5826,一般資增,False,False,False
2489,瑞軒,TSE,31.6,32.04,38.24,83,14,"(-2069, +53, +83)","(-60, -1, +14)",9666,【散戶套牢資 / 留意斷頭】,False,False,True
8476,台境*,TSE,23.25,23.84,23.7,82,3,"(+78, +99, +82)","(+53, +25, +3)",1058,【散戶套牢資 / 留意斷頭】,False,False,True
1477,聚陽,TSE,214.5,216.8,221.5,78,0,"(-17, +4, +78)","(+3, +0, +0)",1460,【散戶套牢資 / 留意斷頭】,False,False,True
1722,台肥,TSE,46.5,47.07,47.64,75,-2,"(+27, -7, +75)","(+4, +0, -2)",2133,【散戶套牢資 / 留意斷頭】,False,False,True
3550,聯穎,TSE,22.85,22.86,28.44,73,-1,"(+50, -15, +73)","(+3, -38, -1)",2251,【散戶套牢資 / 留意斷頭】,False,False,True
4551,智伸科,TSE,182.0,186.0,222.93,69,0,"(-252, +54, +69)","(+0, +11, +0)",1003,【散戶套牢資 / 留意斷頭】,False,False,True
9907,統一實,TSE,15.15,15.2,15.24,69,0,"(-56, +8, +69)","(+1, -5, +0)",4329,【散戶套牢資 / 留意斷頭】,False,False,True
2359,所羅門,TSE,139.0,140.0,137.71,67,-10,"(-166, -46, +67)","(+9, +7, -10)",5301,一般資增,False,False,False
2206,三陽工業,TSE,60.0,60.83,60.14,64,18,"(+9, -4, +64)","(+0, +0, +18)",2414,【散戶套牢資 / 留意斷頭】,False,False,True
5488,松普,OTC,14.6,15.21,14.92,62,0,"(-215, +215, +62)","(-13, +0, +0)",3190,【散戶套牢資 / 留意斷頭】,False,False,True
2543,皇昌,TSE,39.0,39.1,38.94,61,0,"(-250, -90, +61)","(-3, +11, +0)",1424,一般資增,False,False,False
3028,增你強,TSE,67.4,67.92,75.04,60,3,"(-169, +15, +60)","(+1, +2, +3)",2479,【散戶套牢資 / 留意斷頭】,False,False,True
1802,台玻,TSE,55.6,56.26,64.41,57,244,"(-3046, -59, +57)","(+185, -345, +244)",25463,【散戶套牢資 / 留意斷頭】,False,False,True
6525,捷敏-KY,TSE,155.0,165.1,175.15,57,-30,"(-578, -333, +57)","(-3, +11, -30)",4269,【散戶套牢資 / 留意斷頭】,False,False,True
1455,集盛,TSE,9.14,9.2,9.62,56,0,"(-23, -47, +56)","(+80, -80, +0)",1001,【散戶套牢資 / 留意斷頭】,False,False,True
2204,中華,TSE,55.5,56.42,56.59,55,0,"(+34, +13, +55)","(+0, +0, +0)",1383,【散戶套牢資 / 留意斷頭】,False,False,True
3029,零壹,TSE,104.0,104.3,101.93,51,4,"(+108, -47, +51)","(-2, +8, +4)",1405,一般資增,False,False,False
1216,統一,TSE,76.8,79.14,77.43,47,-4,"(-49, +3, +47)","(-3, -1, -4)",26906,【散戶套牢資 / 留意斷頭】,False,False,True
2393,億光,TSE,67.1,67.48,68.62,47,0,"(-25, +31, +47)","(+1, -1, +0)",2608,【散戶套牢資 / 留意斷頭】,False,False,True
7799,禾榮科,TSE,410.0,421.6,415.85,47,0,"(+28, -6, +47)","(+0, +1, +0)",1154,【散戶套牢資 / 留意斷頭】,False,False,True
2820,華票,TSE,16.55,16.58,16.82,46,0,"(+82, +9, +46)","(+1, +0, +0)",2185,【散戶套牢資 / 留意斷頭】,False,False,True
4128,中天,OTC,15.3,15.5,16.25,46,1,"(-34, -13, +46)","(+3, -6, +1)",1467,【散戶套牢資 / 留意斷頭】,False,False,True
6133,金橋,TSE,21.4,21.42,23.48,44,0,"(-83, -29, +44)","(-22, +0, +0)",1048,【散戶套牢資 / 留意斷頭】,False,False,True
6446,藥華藥,TSE,1180.0,1197.0,1227.7,41,19,"(-1, +58, +41)","(-11, +2, +19)",2847,【散戶套牢資 / 留意斷頭】,False,False,True
3360,尚立,OTC,18.85,19.41,20.38,40,-45,"(-124, +53, +40)","(+38, -6, -45)",4607,【散戶套牢資 / 留意斷頭】,False,False,True
4722,國精化,TSE,222.0,227.8,260.45,33,9,"(-277, -210, +33)","(-7, -84, +9)",1140,【散戶套牢資 / 留意斷頭】,False,False,True
1210,大成,TSE,57.0,57.76,57.14,32,-1,"(-16, +53, +32)","(+0, -3, -1)",2082,【散戶套牢資 / 留意斷頭】,False,False,True
3008,大立光,TSE,4000.0,4026.0,4203.25,31,-3,"(-57, +53, +31)","(-4, +0, -3)",2015,【散戶套牢資 / 留意斷頭】,False,False,True
8289,泰藝,OTC,45.25,46.85,56.14,30,-21,"(-325, -78, +30)","(-3, -14, -21)",1376,【散戶套牢資 / 留意斷頭】,False,False,True
4739,康普,TSE,83.0,84.14,100.27,29,2,"(-894, -110, +29)","(-24, +0, +2)",1861,【散戶套牢資 / 留意斷頭】,False,False,True
1727,中華化,TSE,80.3,82.4,89.25,28,-4,"(-413, +79, +28)","(-13, +0, -4)",2625,【散戶套牢資 / 留意斷頭】,False,False,True
6155,鈞寶,TSE,60.2,61.06,74.9,27,1,"(-103, +27, +27)","(-9, +8, +1)",2136,【散戶套牢資 / 留意斷頭】,False,False,True
2912,統一超,TSE,239.5,242.9,236.12,26,0,"(+20, -15, +26)","(+0, +0, +0)",5244,一般資增,False,False,False
3167,大量,TSE,699.0,755.6,805.41,25,41,"(-92, -34, +25)","(-15, -2, +41)",3600,【散戶套牢資 / 留意斷頭】,False,False,True
5522,遠雄,TSE,66.1,67.86,65.72,25,0,"(-1, -16, +25)","(-1, +0, +0)",1416,一般資增,False,False,False
2903,遠百,TSE,22.1,22.33,22.16,24,0,"(+11, -113, +24)","(+0, +0, +0)",2269,【散戶套牢資 / 留意斷頭】,False,False,True
2547,日勝生,TSE,10.15,10.25,10.38,23,0,"(-394, +153, +23)","(+1, -1, +0)",3879,【散戶套牢資 / 留意斷頭】,False,False,True
3062,建漢,TSE,21.6,21.64,23.6,23,1,"(-387, -48, +23)","(+7, +3, +1)",2193,【散戶套牢資 / 留意斷頭】,False,False,True
5392,能率,OTC,42.4,42.69,45.68,22,1,"(-136, -24, +22)","(-9, +3, +1)",1962,【散戶套牢資 / 留意斷頭】,False,False,True
2351,順德,TSE,168.0,170.3,197.18,21,7,"(-1508, -16, +21)","(-26, +3, +7)",3780,【散戶套牢資 / 留意斷頭】,False,False,True
2501,國建,TSE,22.3,22.46,22.72,21,0,"(-5, +22, +21)","(+0, +0, +0)",1839,【散戶套牢資 / 留意斷頭】,False,False,True
2838,聯邦銀,TSE,20.25,20.51,21.2,21,0,"(-1032, -2, +21)","(+0, +0, +0)",3263,【散戶套牢資 / 留意斷頭】,False,False,True
4147,中裕,OTC,58.4,60.34,64.98,21,-2,"(-136, -32, +21)","(+8, -10, -2)",1701,【散戶套牢資 / 留意斷頭】,False,False,True
1712,興農,TSE,38.85,39.56,39.55,20,0,"(+0, +2, +20)","(+0, +0, +0)",1122,【散戶套牢資 / 留意斷頭】,False,False,True
2457,飛宏,TSE,24.75,24.88,27.44,20,6,"(-212, +29, +20)","(-8, +6, +6)",2109,【散戶套牢資 / 留意斷頭】,False,False,True
3703,欣陸,TSE,20.55,20.65,20.58,20,0,"(-2, -3, +20)","(+0, +0, +0)",1014,【散戶套牢資 / 留意斷頭】,False,False,True
1476,儒鴻,TSE,337.5,338.0,329.98,19,0,"(-22, -9, +19)","(+0, -1, +0)",2093,一般資增,False,False,False
9945,潤泰新,TSE,26.4,26.51,25.89,19,0,"(-85, +282, +19)","(+0, +0, +0)",6486,一般資增,False,False,False
3715,定穎投控,TSE,125.5,125.6,151.56,18,4,"(-1281, +589, +18)","(-6, +6, +4)",5930,【散戶套牢資 / 留意斷頭】,False,False,True
1809,中釉,TSE,40.0,40.12,47.8,16,0,"(-308, +30, +16)","(+0, +0, +0)",1862,【散戶套牢資 / 留意斷頭】,False,False,True
7780,大研生醫*,TSE,17.3,17.45,17.87,16,0,"(-5, +19, +16)","(+0, +0, +0)",1225,【散戶套牢資 / 留意斷頭】,False,False,True
4541,晟田,OTC,70.6,71.82,62.22,15,-330,"(-770, +17, +15)","(+3, +220, -330)",19780,一般資增,False,False,False
1218,泰山,TSE,16.05,16.36,16.98,14,6,"(-28, +6, +14)","(+0, -10, +6)",1202,【散戶套牢資 / 留意斷頭】,False,False,True
1227,佳格,TSE,29.95,30.1,29.8,14,0,"(+37, -3, +14)","(+0, +0, +0)",1300,一般資增,False,False,False
1526,日馳,TSE,16.25,16.67,14.95,14,0,"(-220, +91, +14)","(-6, +2, +0)",2520,一般資增,False,False,False
2511,太子,TSE,8.47,8.55,8.41,12,-1,"(+13, -55, +12)","(+0, +0, -1)",1583,一般資增,False,False,False
4564,元翎,TSE,18.7,19.5,18.45,12,-1,"(-463, -22, +12)","(-6, +4, -1)",6592,一般資增,False,False,False
1528,恩德,TSE,19.95,20.28,22.42,11,0,"(-160, +29, +11)","(+8, -4, +0)",1326,【散戶套牢資 / 留意斷頭】,False,False,True
7788,松川精密,TSE,239.5,239.5,249.6,11,0,"(-58, +75, +11)","(+0, +0, +0)",1545,【散戶套牢資 / 留意斷頭】,False,False,True
8182,加高,OTC,41.0,42.07,48.85,11,1,"(-170, -35, +11)","(+8, -1, +1)",1837,【散戶套牢資 / 留意斷頭】,False,False,True
1215,卜蜂,TSE,109.0,110.4,112.28,7,0,"(-5, +0, +7)","(+1, +0, +0)",1234,【散戶套牢資 / 留意斷頭】,False,False,True
5309,系統電,OTC,54.6,54.64,61.05,7,-11,"(-203, +41, +7)","(+7, +9, -11)",2104,【散戶套牢資 / 留意斷頭】,False,False,True
4306,炎洲,TSE,14.55,14.68,15.04,6,0,"(+31, -34, +6)","(+1, -1, +0)",1209,【散戶套牢資 / 留意斷頭】,False,False,True
6120,達運,TSE,13.4,13.43,13.99,6,0,"(+3, -28, +6)","(-1, +1, +0)",3011,【散戶套牢資 / 留意斷頭】,False,False,True
3339,泰谷,OTC,35.4,35.92,39.14,6,1,"(-455, +5, +6)","(-13, +1, +1)",1078,【散戶套牢資 / 留意斷頭】,False,False,True
2851,中再保,TSE,35.7,36.14,37.02,5,0,"(-18, +4, +5)","(+0, +0, +0)",2457,【散戶套牢資 / 留意斷頭】,False,False,True
5285,界霖,TSE,82.5,84.04,94.38,4,-19,"(-214, +20, +4)","(+43, -6, -19)",1328,【散戶套牢資 / 留意斷頭】,False,False,True
9941,裕融,TSE,82.0,82.92,81.55,3,0,"(-4, -25, +3)","(+0, +0, +0)",1244,一般資增,False,False,False
5314,世紀*,OTC,58.4,60.06,63.94,3,-67,"(-230, -94, +3)","(+26, +23, -67)",5533,【散戶套牢資 / 留意斷頭】,False,False,True
1904,正隆,TSE,21.45,21.72,22.23,2,-3,"(-79, -112, +2)","(-6, -2, -3)",1419,【散戶套牢資 / 留意斷頭】,False,False,True
4526,東台,TSE,32.0,32.6,37.37,2,-5,"(-98, +41, +2)","(+3, +0, -5)",1666,【散戶套牢資 / 留意斷頭】,False,False,True
6538,倉和,OTC,139.0,140.6,136.2,2,-23,"(+63, +36, +2)","(-85, -17, -23)",1707,一般資增,False,False,False
