股票代號,股票名稱,市場,籌碼診斷,T+1進場價,T+5結算價,T+5報酬率(%),T+10結算價,T+10報酬率(%)
1101,台泥,TSE,【主力點火資】,23.4,22.85,-2.35,23.8,1.71
1102,亞泥,TSE,【主力點火資】,33.9,32.59,-3.86,33.0,-2.66
1215,卜蜂,TSE,【主力點火資】,111.5,113.5,1.79,109.5,-1.79
1218,泰山,TSE,【散戶套牢資 / 留意斷頭】,17.25,16.2,-6.09,16.35,-5.22
1316,上曜,TSE,【主力點火資】,10.35,10.3,-0.48,10.15,-1.93
1434,福懋,TSE,🔥【資券同增：潛在軋空強勢股】 | 【主力點火資】,17.69,18.03,1.93,18.55,4.89
1440,南紡,TSE,【主力點火資】,13.98,13.05,-6.64,12.75,-8.81
1449,佳和,TSE,【主力點火資】,14.25,13.6,-4.56,12.7,-10.88
1477,聚陽,TSE,【主力點火資】,231.5,226.0,-2.38,216.0,-6.7
1514,亞力,TSE,【主力點火資】,121.0,120.5,-0.41,104.0,-14.05
1515,力山,TSE,【主力點火資】,38.75,41.15,6.19,44.0,13.55
1519,華城,TSE,【主力點火資】,748.0,727.0,-2.81,668.0,-10.7
1528,恩德,TSE,【主力點火資】,22.8,22.5,-1.32,19.75,-13.38
1560,中砂,TSE,一般資增,695.34,695.34,0.0,647.0,-6.95
1605,華新,TSE,【主力點火資】,35.05,33.9,-3.28,31.8,-9.27
1609,大亞,TSE,【主力點火資】,41.95,40.1,-4.41,36.35,-13.35
1611,中電,TSE,【主力點火資】,13.3,12.9,-3.01,12.15,-8.65
1617,榮星,TSE,【主力點火資】,24.7,24.5,-0.81,19.4,-21.46
1709,和益,TSE,【主力點火資】,24.5,26.8,9.39,26.2,6.94
1711,永光,TSE,🔥【資券同增：潛在軋空強勢股】 | 【主力點火資】,43.3,41.9,-3.23,36.75,-15.13
1714,和桐,TSE,【主力點火資】,18.85,16.65,-11.67,15.0,-20.42
1795,美時,TSE,【主力點火資】,207.0,196.5,-5.07,189.0,-8.7
1802,台玻,TSE,一般資增,64.6,64.2,-0.62,53.3,-17.49
1904,正隆,TSE,【主力點火資】,23.65,21.9,-7.4,21.35,-9.73
1907,永豐餘,TSE,【主力點火資】,27.33,27.05,-1.02,27.75,1.54
2006,東和鋼鐵,TSE,【主力點火資】,68.9,70.2,1.89,70.0,1.6
2022,聚亨,TSE,【主力點火資】,8.02,7.95,-0.87,7.63,-4.86
2030,彰源,TSE,【主力點火資】,19.1,17.4,-8.9,17.15,-10.21
2034,允強,TSE,【主力點火資】,19.65,19.37,-1.45,19.35,-1.55
2103,台橡,TSE,【主力點火資】,24.65,23.3,-5.48,23.05,-6.49
2231,為升,TSE,【主力點火資】,116.0,114.0,-1.72,107.0,-7.76
2302,麗正,TSE,【主力點火資】,48.9,43.55,-10.94,39.15,-19.94
2305,全友,TSE,【主力點火資】,38.4,39.6,3.12,32.35,-15.76
2308,台達電,TSE,【散戶套牢資 / 留意斷頭】,1890.0,1890.0,0.0,1705.0,-9.79
2313,華通,TSE,【主力點火資】,218.0,235.0,7.8,199.0,-8.72
2329,華泰,TSE,【主力點火資】,51.7,50.6,-2.13,43.8,-15.28
2331,精英,TSE,🔥【資券同增：潛在軋空強勢股】 | 【主力點火資】,20.55,20.9,1.7,19.2,-6.57
2340,台亞,TSE,【主力點火資】,36.9,37.25,0.95,31.25,-15.31
2344,華邦電,TSE,【散戶套牢資 / 留意斷頭】,174.0,167.0,-4.02,151.0,-13.22
2345,智邦,TSE,一般資增,2455.0,2405.0,-2.04,2090.0,-14.87
2352,佳世達,TSE,【主力點火資】,34.45,31.0,-10.01,29.85,-13.35
2354,鴻準,TSE,【主力點火資】,56.9,56.6,-0.53,54.0,-5.1
2355,敬鵬,TSE,【主力點火資】,49.7,47.9,-3.63,41.55,-16.4
2356,英業達,TSE,【主力點火資】,63.35,62.67,-1.07,57.2,-9.7
2359,所羅門,TSE,【主力點火資】,133.53,148.0,10.83,134.5,0.72
2365,昆盈,TSE,一般資增,32.0,32.2,0.62,29.3,-8.45
2367,燿華,TSE,【散戶套牢資 / 留意斷頭】,51.0,50.5,-0.98,43.25,-15.2
2368,金像電,TSE,【散戶套牢資 / 留意斷頭】,1135.0,1045.0,-7.93,927.0,-18.33
2369,菱生,TSE,【主力點火資】,41.55,41.15,-0.96,33.75,-18.77
2375,凱美,TSE,一般資增,197.0,185.0,-6.09,135.5,-31.22
2376,技嘉,TSE,【散戶套牢資 / 留意斷頭】,327.0,335.5,2.6,331.0,1.22
2382,廣達,TSE,【主力點火資】,357.73,362.52,1.34,316.0,-11.66
2383,台光電,TSE,一般資增,5220.0,5125.0,-1.82,4395.0,-15.8
2385,群光,TSE,【主力點火資】,107.0,106.0,-0.93,102.5,-4.21
2388,威盛,TSE,【散戶套牢資 / 留意斷頭】,69.5,70.1,0.86,72.4,4.17
2393,億光,TSE,【主力點火資】,69.6,69.1,-0.72,66.8,-4.02
2399,映泰,TSE,【主力點火資】,49.5,44.0,-11.11,36.7,-25.86
2402,毅嘉,TSE,【主力點火資】,65.9,62.2,-5.61,56.4,-14.42
2421,建準,TSE,【主力點火資】,144.0,138.0,-4.17,125.5,-12.85
2426,鼎元,TSE,【主力點火資】,72.7,67.1,-7.7,53.5,-26.41
2436,偉詮電,TSE,【主力點火資】,70.3,65.0,-7.54,56.6,-19.49
2441,超豐,TSE,【主力點火資】,133.5,137.5,3.0,119.0,-10.86
2442,新美齊,TSE,【主力點火資】,19.35,19.25,-0.52,19.2,-0.78
2455,全新,TSE,【散戶套牢資 / 留意斷頭】,318.5,329.0,3.3,277.0,-13.03
2457,飛宏,TSE,【主力點火資】,28.65,27.65,-3.49,24.05,-16.06
2461,光群雷,TSE,【主力點火資】,17.55,16.95,-3.42,15.9,-9.4
2464,盟立,TSE,一般資增,161.0,166.0,3.11,134.5,-16.46
2467,志聖,TSE,【主力點火資】,613.0,595.0,-2.94,522.0,-14.85
2474,可成,TSE,【散戶套牢資 / 留意斷頭】,196.0,192.5,-1.79,190.0,-3.06
2476,鉅祥,TSE,【主力點火資】,131.0,126.5,-3.44,113.5,-13.36
2478,大毅,TSE,一般資增,191.36,163.5,-14.56,131.0,-31.54
2481,強茂,TSE,【主力點火資】,216.0,192.0,-11.11,139.5,-35.42
2486,一詮,TSE,【主力點火資】,242.0,251.0,3.72,216.5,-10.54
2493,揚博,TSE,一般資增,276.34,257.5,-6.82,217.0,-21.47
2497,怡利電,TSE,【主力點火資】,64.5,61.6,-4.5,53.7,-16.74
2501,國建,TSE,【主力點火資】,22.96,22.3,-2.89,22.3,-2.89
2504,國產,TSE,【散戶套牢資 / 留意斷頭】,32.15,31.2,-2.95,31.3,-2.64
2520,冠德,TSE,【主力點火資】,34.7,35.35,1.87,35.75,3.03
2536,宏普,TSE,【主力點火資】,19.25,19.55,1.56,19.5,1.3
2537,聯上發,TSE,【主力點火資】,11.05,11.0,-0.45,10.95,-0.9
2548,華固,TSE,【主力點火資】,96.67,95.24,-1.48,96.67,0.0
2606,裕民,TSE,【主力點火資】,62.2,63.9,2.73,61.6,-0.96
2615,萬海,TSE,【主力點火資】,77.0,79.2,2.86,80.5,4.55
2634,漢翔,TSE,【主力點火資】,57.62,63.8,10.72,65.0,12.8
2646,星宇航空,TSE,【主力點火資】,21.3,21.2,-0.47,21.3,0.0
2812,台中銀,TSE,【主力點火資】,20.65,20.65,0.0,20.35,-1.45
2820,華票,TSE,【主力點火資】,17.25,16.65,-3.48,16.55,-4.06
2836,高雄銀,TSE,【主力點火資】,12.45,12.55,0.8,12.55,0.8
2838,聯邦銀,TSE,【主力點火資】,22.62,21.65,-4.29,20.4,-9.82
2880,華南金,TSE,【主力點火資】,38.95,39.0,0.13,39.9,2.44
2882,國泰金,TSE,【散戶套牢資 / 留意斷頭】,97.0,96.7,-0.31,94.0,-3.09
2885,元大金,TSE,【主力點火資】,67.8,66.35,-2.15,61.1,-9.89
2887,台新新光金,TSE,【主力點火資】,33.56,34.38,2.44,33.8,0.72
2890,永豐金,TSE,【主力點火資】,41.1,40.2,-2.19,39.7,-3.41
2891,中信金,TSE,【主力點火資】,67.69,66.5,-1.76,61.5,-9.14
2915,潤泰全,TSE,【主力點火資】,50.03,48.59,-2.89,51.1,2.13
3010,華立,TSE,一般資增,123.5,118.5,-4.05,112.5,-8.91
3011,今皓,TSE,【散戶套牢資 / 留意斷頭】,13.3,12.85,-3.38,11.85,-10.9
3014,聯陽,TSE,一般資增,144.53,138.0,-4.52,124.0,-14.2
3015,全漢,TSE,🔥【資券同增：潛在軋空強勢股】 | 【主力點火資】,67.4,63.2,-6.23,54.6,-18.99
3017,奇鋐,TSE,【主力點火資】,2450.0,2225.0,-9.18,2135.0,-12.86
3022,威強電,TSE,【主力點火資】,87.6,88.3,0.8,78.3,-10.62
3023,信邦,TSE,一般資增,325.0,324.0,-0.31,301.0,-7.38
3024,憶聲,TSE,【主力點火資】,12.08,12.3,1.8,13.85,14.63
3028,增你強,TSE,一般資增,76.41,70.11,-8.25,65.8,-13.89
3030,德律,TSE,【散戶套牢資 / 留意斷頭】,296.0,299.0,1.01,283.0,-4.39
3031,佰鴻,TSE,一般資增,31.4,27.94,-11.03,24.6,-21.67
3033,威健,TSE,【主力點火資】,49.4,50.9,3.04,47.9,-3.04
3035,智原,TSE,一般資增,199.0,213.0,7.04,182.5,-8.29
3036,文曄,TSE,【主力點火資】,214.0,211.0,-1.4,187.0,-12.62
3037,欣興,TSE,【散戶套牢資 / 留意斷頭】,840.0,903.0,7.5,750.0,-10.71
3041,揚智,TSE,一般資增,26.75,25.8,-3.55,23.4,-12.52
3042,晶技,TSE,【主力點火資】,210.0,193.5,-7.86,157.0,-25.24
3044,健鼎,TSE,【散戶套牢資 / 留意斷頭】,462.71,439.0,-5.12,388.0,-16.15
3048,益登,TSE,【主力點火資】,60.5,57.4,-5.12,49.3,-18.51
3051,力特,TSE,【主力點火資】,26.45,24.65,-6.81,22.7,-14.18
3060,銘異,TSE,【主力點火資】,35.8,34.35,-4.05,28.4,-20.67
3062,建漢,TSE,【主力點火資】,24.1,23.35,-3.11,20.85,-13.49
3094,聯傑,TSE,【主力點火資】,39.5,38.4,-2.78,35.65,-9.75
3209,全科,TSE,【主力點火資】,58.5,59.9,2.39,55.5,-5.13
3231,緯創,TSE,【散戶套牢資 / 留意斷頭】,150.0,143.5,-4.33,143.5,-4.33
3257,虹冠電,TSE,【主力點火資】,65.9,61.3,-6.98,51.9,-21.24
3305,昇貿,TSE,【主力點火資】,128.01,121.14,-5.36,106.0,-17.19
3346,麗清,TSE,【主力點火資】,27.25,23.85,-12.48,20.5,-24.77
3406,玉晶光,TSE,【主力點火資】,609.0,609.0,0.0,500.0,-17.9
3450,聯鈞,TSE,【主力點火資】,495.0,515.0,4.04,389.0,-21.41
3481,群創,TSE,【主力點火資】,64.2,61.0,-4.98,50.4,-21.5
3532,台勝科,TSE,【主力點火資】,382.18,464.5,21.54,466.0,21.93
3563,牧德,TSE,【主力點火資】,726.0,691.0,-4.82,610.0,-15.98
3588,通嘉,TSE,【主力點火資】,67.9,64.6,-4.86,53.7,-20.91
3591,艾笛森,TSE,【主力點火資】,26.05,24.5,-5.95,20.65,-20.73
3592,瑞鼎,TSE,【主力點火資】,271.0,255.5,-5.72,226.5,-16.42
3645,達邁,TSE,【散戶套牢資 / 留意斷頭】,84.21,78.3,-7.02,69.0,-18.06
3661,世芯-KY,TSE,【散戶套牢資 / 留意斷頭】,4035.0,4135.0,2.48,3365.0,-16.6
3665,貿聯-KY,TSE,【散戶套牢資 / 留意斷頭】,1963.06,1849.05,-5.81,1820.0,-7.29
3694,海華,TSE,【主力點火資】,61.4,67.6,10.1,60.3,-1.79
3702,大聯大,TSE,【主力點火資】,109.0,117.0,7.34,106.5,-2.29
3703,欣陸,TSE,【主力點火資】,20.75,20.55,-0.96,20.6,-0.72
3704,合勤控,TSE,【散戶套牢資 / 留意斷頭】,44.85,49.85,11.15,44.85,0.0
3711,日月光投控,TSE,一般資增,651.0,670.0,2.92,597.0,-8.29
3715,定穎投控,TSE,【散戶套牢資 / 留意斷頭】,155.5,144.0,-7.4,119.5,-23.15
3717,聯嘉投控,TSE,【主力點火資】,27.39,25.2,-7.97,21.9,-20.03
4142,國光生,TSE,【主力點火資】,17.7,17.05,-3.67,16.9,-4.52
4526,東台,TSE,一般資增,39.0,37.15,-4.74,31.4,-19.49
4551,智伸科,TSE,🔥【資券同增：潛在軋空強勢股】 | 【主力點火資】,254.0,214.0,-15.75,179.5,-29.33
4564,元翎,TSE,【主力點火資】,17.55,21.0,19.66,19.25,9.69
4566,時碩工業,TSE,【主力點火資】,63.6,64.8,1.89,66.6,4.72
4576,大銀微系統,TSE,【主力點火資】,222.2,209.5,-5.72,187.5,-15.62
4739,康普,TSE,【主力點火資】,107.5,94.9,-11.72,80.3,-25.3
4904,遠傳,TSE,【散戶套牢資 / 留意斷頭】,99.19,96.1,-3.12,104.5,5.35
4906,正文,TSE,【主力點火資】,40.1,38.75,-3.37,33.75,-15.84
4919,新唐,TSE,【散戶套牢資 / 留意斷頭】,164.0,163.5,-0.3,135.5,-17.38
4967,十銓,TSE,【主力點火資】,249.5,229.5,-8.02,208.5,-16.43
4989,榮科,TSE,【主力點火資】,99.9,82.7,-17.22,64.9,-35.04
5222,全訊,TSE,【主力點火資】,124.5,126.0,1.2,115.0,-7.63
5243,乙盛-KY,TSE,【主力點火資】,98.0,95.3,-2.76,87.1,-11.12
5285,界霖,TSE,【主力點火資】,103.0,96.5,-6.31,79.7,-22.62
5876,上海商銀,TSE,【散戶套牢資 / 留意斷頭】,42.4,44.15,4.13,45.55,7.43
6108,競國,TSE,【主力點火資】,18.35,18.15,-1.09,16.4,-10.63
6116,彩晶,TSE,一般資增,17.15,16.6,-3.21,14.3,-16.62
6133,金橋,TSE,【主力點火資】,25.6,24.0,-6.25,20.65,-19.34
6153,嘉聯益,TSE,【散戶套牢資 / 留意斷頭】,19.85,19.05,-4.03,16.4,-17.38
6168,宏齊,TSE,一般資增,28.4,28.35,-0.18,23.6,-16.9
6197,佳必琪,TSE,🔥【資券同增：潛在軋空強勢股】 | 【主力點火資】,360.0,328.5,-8.75,301.0,-16.39
6202,盛群,TSE,【主力點火資】,64.8,70.2,8.33,56.1,-13.43
6209,今國光,TSE,【主力點火資】,75.1,82.8,10.25,65.4,-12.92
6213,聯茂,TSE,【主力點火資】,379.0,359.5,-5.15,322.5,-14.91
6214,精誠,TSE,【主力點火資】,133.0,141.0,6.02,137.5,3.38
6215,和椿,TSE,【主力點火資】,112.42,109.94,-2.2,94.8,-15.67
6224,聚鼎,TSE,一般資增,75.1,67.3,-10.39,55.5,-26.1
6226,光鼎,TSE,一般資增,23.6,25.65,8.69,20.3,-13.98
6235,華孚,TSE,【主力點火資】,43.1,42.25,-1.97,39.25,-8.93
6239,力成,TSE,【主力點火資】,323.5,312.5,-3.4,266.5,-17.62
6257,矽格,TSE,【主力點火資】,242.0,234.5,-3.1,211.0,-12.81
6271,同欣電,TSE,一般資增,247.0,236.0,-4.45,192.5,-22.06
6278,台表科,TSE,【散戶套牢資 / 留意斷頭】,189.57,180.5,-4.79,157.5,-16.92
6412,群電,TSE,【散戶套牢資 / 留意斷頭】,89.6,86.7,-3.24,80.2,-10.49
6446,藥華藥,TSE,【主力點火資】,1346.27,1250.0,-7.15,1175.0,-12.72
6449,鈺邦,TSE,【散戶套牢資 / 留意斷頭】,308.5,317.0,2.76,238.5,-22.69
6472,保瑞,TSE,【主力點火資】,425.5,422.0,-0.82,392.5,-7.76
6525,捷敏-KY,TSE,🔥【資券同增：潛在軋空強勢股】 | 【主力點火資】,221.0,192.5,-12.9,155.5,-29.64
6592,和潤企業,TSE,【主力點火資】,61.2,59.7,-2.45,60.4,-1.31
6691,洋基工程,TSE,一般資增,728.0,725.0,-0.41,693.0,-4.81
6695,芯鼎,TSE,一般資增,55.1,54.1,-1.81,52.3,-5.08
6753,龍德造船,TSE,【主力點火資】,147.0,159.5,8.5,139.5,-5.1
6770,力積電,TSE,【散戶套牢資 / 留意斷頭】,70.1,69.0,-1.57,63.0,-10.13
6781,AES-KY,TSE,【主力點火資】,1155.74,1105.0,-4.39,926.0,-19.88
6805,富世達,TSE,【散戶套牢資 / 留意斷頭】,1490.0,1410.0,-5.37,1305.0,-12.42
6901,鑽石投資,TSE,【主力點火資】,19.15,18.75,-2.09,17.7,-7.57
6909,創控,TSE,一般資增,54.1,49.85,-7.86,42.55,-21.35
6994,富威電力,TSE,【主力點火資】,44.15,41.7,-5.55,40.3,-8.72
8081,致新,TSE,【主力點火資】,303.5,276.5,-8.9,233.5,-23.06
8103,瀚荃,TSE,【主力點火資】,93.95,89.2,-5.06,76.5,-18.57
8104,錸寶,TSE,【主力點火資】,40.05,40.6,1.37,33.45,-16.48
8105,凌巨,TSE,【散戶套牢資 / 留意斷頭】,20.55,18.9,-8.03,16.05,-21.9
8112,至上,TSE,【主力點火資】,90.2,87.5,-2.99,80.9,-10.31
8131,福懋科,TSE,【主力點火資】,77.95,76.17,-2.28,67.2,-13.79
8215,明基材,TSE,【主力點火資】,28.4,27.06,-4.7,24.15,-14.96
8222,寶一,TSE,【主力點火資】,41.01,41.01,0.0,37.8,-7.82
8271,宇瞻,TSE,【主力點火資】,185.5,183.0,-1.35,184.0,-0.81
8476,台境*,TSE,一般資增,23.0,22.0,-4.35,24.35,5.87
8926,台汽電,TSE,🔥【資券同增：潛在軋空強勢股】 | 【主力點火資】,78.5,69.3,-11.72,64.0,-18.47
9904,寶成,TSE,🔥【資券同增：潛在軋空強勢股】 | 【主力點火資】,24.35,24.25,-0.41,24.35,0.0
9910,豐泰,TSE,【主力點火資】,68.3,67.4,-1.32,68.2,-0.15
9914,美利達,TSE,一般資增,75.0,75.4,0.53,79.8,6.4
9935,慶豐富,TSE,【主力點火資】,18.75,18.8,0.27,18.8,0.27
9939,宏全,TSE,【主力點火資】,124.5,124.0,-0.4,128.5,3.21
9945,潤泰新,TSE,【散戶套牢資 / 留意斷頭】,25.75,25.4,-1.36,26.4,2.52
9958,世紀鋼,TSE,【主力點火資】,117.5,116.5,-0.85,113.0,-3.83
1584,精剛,OTC,【主力點火資】,19.45,20.95,7.71,19.4,-0.26
3066,李洲,OTC,【主力點火資】,30.2,26.3,-12.91,22.25,-26.32
3078,僑威,OTC,【主力點火資】,58.2,55.3,-4.98,51.5,-11.51
3081,聯亞,OTC,【散戶套牢資 / 留意斷頭】,1728.85,1805.99,4.46,1435.0,-17.0
3088,艾訊,OTC,【主力點火資】,139.0,139.5,0.36,126.0,-9.35
3093,港建*,OTC,一般資增,62.0,54.3,-12.42,45.6,-26.45
3105,穩懋,OTC,【主力點火資】,409.5,403.0,-1.59,313.5,-23.44
3141,晶宏,OTC,【主力點火資】,75.1,71.9,-4.26,62.3,-17.04
3162,精確,OTC,【主力點火資】,83.23,81.3,-2.32,67.5,-18.9
3163,波若威,OTC,【主力點火資】,742.0,750.0,1.08,622.0,-16.17
3211,順達,OTC,【主力點火資】,389.0,457.5,17.61,354.0,-9.0
3227,原相,OTC,【主力點火資】,221.52,201.0,-9.26,182.5,-17.61
3264,欣銓,OTC,【主力點火資】,231.5,225.0,-2.81,197.5,-14.69
3265,台星科,OTC,【主力點火資】,173.5,168.0,-3.17,150.5,-13.26
3284,太普高,OTC,【主力點火資】,28.4,25.65,-9.69,23.95,-15.67
3294,英濟,OTC,【主力點火資】,38.65,37.1,-4.01,30.95,-19.92
3317,尼克森,OTC,【主力點火資】,96.9,92.0,-5.06,77.8,-19.71
3323,加百裕,OTC,【主力點火資】,35.0,34.75,-0.71,29.8,-14.86
3324,雙鴻,OTC,【散戶套牢資 / 留意斷頭】,970.0,905.0,-6.7,858.0,-11.55
3357,臺慶科,OTC,【散戶套牢資 / 留意斷頭】,262.5,258.0,-1.71,207.5,-20.95
3374,精材,OTC,【主力點火資】,295.0,358.0,21.36,345.5,17.12
3402,漢科,OTC,【主力點火資】,140.88,141.83,0.68,134.17,-4.76
3479,安勤,OTC,【主力點火資】,135.0,142.5,5.56,135.0,0.0
3490,單井,OTC,【主力點火資】,32.67,30.9,-5.42,26.75,-18.12
3498,陽程,OTC,🔥【資券同增：潛在軋空強勢股】 | 【主力點火資】,123.0,131.0,6.5,109.5,-10.98
3511,矽瑪,OTC,【主力點火資】,28.15,23.85,-15.28,20.0,-28.95
3520,華盈,OTC,【主力點火資】,17.05,16.45,-3.52,16.4,-3.81
3537,堡達,OTC,【散戶套牢資 / 留意斷頭】,68.8,66.0,-4.07,55.1,-19.91
3615,安可,OTC,【散戶套牢資 / 留意斷頭】,47.73,46.8,-1.96,38.7,-18.92
3680,家登,OTC,一般資增,507.0,523.0,3.16,437.5,-13.71
3689,湧德,OTC,一般資增,123.0,119.5,-2.85,106.0,-13.82
3691,碩禾,OTC,【主力點火資】,148.5,143.0,-3.7,115.5,-22.22
3707,漢磊,OTC,一般資增,81.5,85.5,4.91,64.8,-20.49
4128,中天,OTC,【主力點火資】,17.65,16.15,-8.5,15.45,-12.46
4147,中裕,OTC,【主力點火資】,72.6,64.3,-11.43,58.9,-18.87
4157,太景*-KY,OTC,【主力點火資】,9.05,8.93,-1.33,8.52,-5.86
4167,松瑞藥,OTC,【主力點火資】,21.25,20.65,-2.82,20.5,-3.53
4510,高鋒,OTC,【主力點火資】,42.35,42.6,0.59,38.1,-10.04
4533,協易機,OTC,【主力點火資】,30.0,29.1,-3.0,25.85,-13.83
4541,晟田,OTC,【主力點火資】,61.1,67.1,9.82,68.9,12.77
4542,科嶠,OTC,一般資增,403.5,354.0,-12.27,295.0,-26.89
4716,大立,OTC,【主力點火資】,23.7,22.5,-5.06,18.15,-23.42
4931,新盛力,OTC,【主力點火資】,247.5,237.0,-4.24,202.5,-18.18
4939,亞電,OTC,【主力點火資】,59.1,57.2,-3.21,66.2,12.01
4966,譜瑞-KY,OTC,【散戶套牢資 / 留意斷頭】,650.0,647.0,-0.46,567.0,-12.77
4973,廣穎,OTC,【主力點火資】,162.5,163.0,0.31,135.5,-16.62
4991,環宇-KY,OTC,【散戶套牢資 / 留意斷頭】,469.0,450.5,-3.94,348.0,-25.8
5228,鈺鎧,OTC,【散戶套牢資 / 留意斷頭】,57.7,52.5,-9.01,41.6,-27.9
5230,雷笛克光學,OTC,【主力點火資】,19.45,20.2,3.86,18.15,-6.68
5289,宜鼎,OTC,【主力點火資】,1590.0,1515.0,-4.72,1215.0,-23.58
5299,杰力,OTC,【主力點火資】,123.46,111.84,-9.41,91.9,-25.56
5309,系統電,OTC,【主力點火資】,63.5,62.1,-2.2,53.3,-16.06
5347,世界,OTC,一般資增,175.0,178.5,2.0,152.5,-12.86
5351,鈺創,OTC,【主力點火資】,93.1,100.0,7.41,82.8,-11.06
5425,台半,OTC,【主力點火資】,131.0,117.5,-10.31,86.0,-34.35
5426,振發,OTC,【散戶套牢資 / 留意斷頭】,30.5,29.5,-3.28,25.55,-16.23
5498,凱崴,OTC,【主力點火資】,61.0,58.1,-4.75,47.1,-22.79
5512,力麒,OTC,【主力點火資】,8.07,7.84,-2.85,7.81,-3.22
5864,致和證,OTC,【主力點火資】,42.0,37.45,-10.83,31.9,-24.05
6015,宏遠證,OTC,【主力點火資】,17.4,17.3,-0.57,16.0,-8.05
6121,新普,OTC,【主力點火資】,433.92,399.5,-7.93,362.5,-16.46
6125,廣運,OTC,【主力點火資】,57.8,57.4,-0.69,49.9,-13.67
6147,頎邦,OTC,【主力點火資】,200.0,198.0,-1.0,164.0,-18.0
6156,松上,OTC,一般資增,28.2,28.15,-0.18,23.55,-16.49
6167,久正,OTC,【主力點火資】,12.05,11.7,-2.9,10.6,-12.03
6179,亞通,OTC,【主力點火資】,26.95,27.85,3.34,24.2,-10.2
6180,橘子,OTC,一般資增,46.75,45.35,-2.99,43.6,-6.74
6190,萬泰科,OTC,【主力點火資】,80.56,76.46,-5.08,69.2,-14.1
6234,高僑,OTC,【主力點火資】,45.65,44.7,-2.08,35.75,-21.69
6244,茂迪,OTC,【主力點火資】,26.01,26.16,0.57,24.86,-4.4
6265,方土昶,OTC,【主力點火資】,50.3,54.1,7.55,45.4,-9.74
6270,倍微,OTC,【主力點火資】,35.3,35.6,0.85,30.3,-14.16
6284,佳邦,OTC,一般資增,97.62,97.9,0.29,78.0,-20.1
6411,晶焱,OTC,【主力點火資】,96.5,93.2,-3.42,79.2,-17.93
6432,今展科,OTC,【主力點火資】,75.2,73.7,-1.99,66.0,-12.23
6488,環球晶,OTC,【主力點火資】,1200.36,1479.28,23.24,1265.0,5.39
6538,倉和,OTC,一般資增,125.5,149.5,19.12,141.5,12.75
6547,高端疫苗,OTC,【主力點火資】,47.25,45.85,-2.96,47.0,-0.53
6548,長科*,OTC,【主力點火資】,89.3,84.7,-5.15,66.6,-25.42
6603,富強鑫,OTC,【主力點火資】,25.8,25.2,-2.33,24.1,-6.59
6684,安格,OTC,一般資增,54.6,51.6,-5.49,49.35,-9.62
6727,亞泰金屬,OTC,【主力點火資】,489.66,460.48,-5.96,331.0,-32.4
6821,聯寶,OTC,【散戶套牢資 / 留意斷頭】,53.5,51.1,-4.49,43.5,-18.69
6829,千附精密,OTC,【主力點火資】,205.0,233.5,13.9,194.5,-5.12
7777,能率亞洲,OTC,一般資增,41.8,39.25,-6.1,37.9,-9.33
8027,鈦昇,OTC,【主力點火資】,216.0,241.0,11.57,194.0,-10.19
8069,元太,OTC,一般資增,192.06,189.64,-1.26,175.5,-8.62
8074,鉅橡,OTC,【散戶套牢資 / 留意斷頭】,65.4,62.5,-4.43,53.7,-17.89
8088,品安,OTC,【主力點火資】,57.1,53.6,-6.13,45.15,-20.93
8091,翔名,OTC,【主力點火資】,268.0,277.5,3.54,241.5,-9.89
8096,擎亞,OTC,【主力點火資】,154.5,158.5,2.59,128.0,-17.15
8255,朋程,OTC,【主力點火資】,182.5,176.5,-3.29,146.0,-20.0
8299,群聯,OTC,【散戶套牢資 / 留意斷頭】,2145.0,2170.0,1.17,1735.0,-19.11
8358,金居,OTC,【散戶套牢資 / 留意斷頭】,520.62,495.73,-4.78,371.0,-28.74
8383,千附,OTC,【主力點火資】,60.06,74.33,23.75,80.2,33.53
